VideoID,VideoLink,ChannelID,ChannelName,ChannelType,VideoTitle,Likes,Subscribers,Views,PublishTime,Duration,Comments
XWBSzrrlBFg,https://www.youtube.com/watch?v=XWBSzrrlBFg,UCOMskN2D_vfshrGgpL-o55Q,BỆNH VIỆN ĐA KHOA MEDLATEC,Personal,Bác sĩ hướng dẫn phân biệt tiểu đường type 1 và tiểu đường type 2,29,86300,3414,2025-05-20T08:15:51Z,1M25S,0
s5-NeN97uuE,https://www.youtube.com/watch?v=s5-NeN97uuE,UCr8i-5AIxdiJbI0HdGdUzIA,Báo Lao Động,Personal,Mắc bệnh tiểu đường type 1 hay type 2 nặng hơn? | Báo Lao Động,2,984000,444,2024-12-22T10:45:05Z,53S,0
N-gQS8ypmMQ,https://www.youtube.com/watch?v=N-gQS8ypmMQ,UCYO8RPtaJnD2bxC8CZl1_PA,Dr Ngọc Official ,Organization,Cách Nhận Biết Bệnh Tiểu Đường Tuýp 1 Và Tuýp 2 | Dr Ngọc,690,1310000,57763,2023-10-16T05:00:09Z,4M12S,107
Ct1uwOhbPMo,https://www.youtube.com/watch?v=Ct1uwOhbPMo,UCD09NCZlzMj4yGvGkLbuBpw,Báo Sức khỏe & Đời sống,Personal,Sự khác nhau giữa đái tháo đường tuýp 1 và tuýp 2 là gì? | SKĐS,17,3000000,2376,2024-11-18T02:00:06Z,5M12S,0
w_XNzNoLPq8,https://www.youtube.com/watch?v=w_XNzNoLPq8,UClZZdvv78ltdyE9sYdcWh9Q,Bác Sĩ Chính Mình,Personal,"CÁCH NHẬN BIẾT TIỂU ĐƯỜNG TYPE 1, TYPE 2 KHÁC NHAU NHƯ THẾ NÀO?",23,117000,614,2023-03-18T01:24:54Z,3M34S,2
Y0CrrpmlYM8,https://www.youtube.com/watch?v=Y0CrrpmlYM8,UCLXwTlUcQi4LGH5sq_fyMAg,LONG AN TV,Personal,Bệnh Tiểu Đường Type 1 | Sức Khỏe Là Vàng | LONG AN TV,2,349000,615,2018-12-10T08:08:23Z,9M9S,0
yB8QYIeojKM,https://www.youtube.com/watch?v=yB8QYIeojKM,UCr8i-5AIxdiJbI0HdGdUzIA,Báo Lao Động,Personal,Dấu hiệu cảnh báo sớm của bệnh tiểu đường loại 1 so với loại 2 | Báo Lao Động,33,984000,11403,2024-07-12T08:13:54Z,42S,0
I4oIxQMwYsU,https://www.youtube.com/watch?v=I4oIxQMwYsU,UCpfNT4Shp-UJ8Dbzowm_YRQ,Bệnh Viện Đa Khoa Tâm Anh,Personal,Phân biệt đái tháo đường tuýp 1 và đái tháo đường tuýp 2#shorts,303,85500,28305,2023-02-07T13:57:19Z,57S,3
iHX8Gem7KyQ,https://www.youtube.com/watch?v=iHX8Gem7KyQ,UCWRwpZ0mKqbqI9O8D-r84cg,Bác Sĩ Của Bé,Personal,"TUYỆT VỜI! BỆNH TIỂU ĐƯỜNG: Dấu Hiệu, Nguyên Nhân và Cách Phòng Ngừa Hiệu Quả",5,15,29,2025-08-11T12:01:24Z,5M19S,1
HlPywUbtCdU,https://www.youtube.com/watch?v=HlPywUbtCdU,UCAgehYjUxNc7vHpf3F06mXQ,Video AloBacsi,Personal,So sánh sự nguy hiểm của tiểu đường type 1 và type 2,42,1650000,9357,2019-03-28T05:27:09Z,1M3S,3
zDchpft9YA0,https://www.youtube.com/watch?v=zDchpft9YA0,UCD09NCZlzMj4yGvGkLbuBpw,Báo Sức khỏe & Đời sống,Personal,Covid-19 Làm Tăng Nguy Cơ Mắc Bệnh Đái Tháo Đường Type 1 Ở Trẻ Em | SKĐS,6,3000000,1043,2022-09-29T02:00:13Z,2M55S,0
UwJIOWbdr_U,https://www.youtube.com/watch?v=UwJIOWbdr_U,UCuqtKp77ZbFRUFLq05-ddkw,Bệnh viện ĐKQT Vinmec,Personal,Dấu hiệu tiểu đường - đừng bỏ qua,0,723000,382416,2022-06-21T13:00:14Z,3M49S,146
zKNkN08szXI,https://www.youtube.com/watch?v=zKNkN08szXI,UCNbodx_2BbN_FzbO4_4NG0g,IVIE - BÁC SĨ ƠI,Personal,"Bệnh tiểu đường loại 1: Dấu hiệu, triệu chứng, và điều trị",85,3600,16455,2021-06-29T02:00:08Z,2M53S,5
Yga_jgXMlf4,https://www.youtube.com/watch?v=Yga_jgXMlf4,UCuqtKp77ZbFRUFLq05-ddkw,Bệnh viện ĐKQT Vinmec,Personal,Biến chứng nguy hiểm của bệnh đái tháo đường,0,723000,3102489,2023-06-01T13:00:33Z,4M32S,21
vH1lzcCyVVQ,https://www.youtube.com/watch?v=vH1lzcCyVVQ,UCnvRguki7Lg9Xix4GvtqQ5A,ihope,Personal,Tiểu đường tuýp 1,5,1570,778,2021-04-19T02:56:51Z,5M22S,1
5T7gsyxyrmc,https://www.youtube.com/watch?v=5T7gsyxyrmc,UC_ENX1bEnmdo4FOaA8buaAw,Hidichi - Mua Sắm Tiết Kiệm - Giá Rẻ Cho Mọi Nhà!,Personal,Điều Trị Bệnh Tiểu Đường Type 1 và 2 – Thanh Đường Gamosa – Hỗ Trợ Điều Trị Bệnh Tiểu Đường,0,632,680,2018-10-04T07:25:33Z,3M12S,4
nE9Vwf0NA0A,https://www.youtube.com/watch?v=nE9Vwf0NA0A,UCct2g5hB_fPavwUseYXG_6g,Bệnh viện Đại học Y dược TP.HCM,Personal,"ĐIỀU TRỊ BỆNH TIỂU ĐƯỜNG, CÁC PHƯƠNG PHÁP ĐIỀU TRỊ MỚI NHẤT HIỆN NAY",444,191000,64584,2023-10-27T08:38:49Z,13M50S,22
TLYB8g66A_k,https://www.youtube.com/watch?v=TLYB8g66A_k,UCZnhEIF8a5Uv4GMPwT6KafQ,KÊNH VTC16,Personal,Điều trị tiểu đường bằng cây đinh lăng? | VTC16,310,1890000,105566,2023-11-16T09:57:00Z,11M13S,26
CQfaZwgx8O4,https://www.youtube.com/watch?v=CQfaZwgx8O4,UCMTgeYcN03bd3Sy4JFQD3YA,Diệp Thảo ShangHai,Personal,"DI ĐƯỜNG AN - Dùng cho người mắc bệnh tiểu đường type 1, type 2 #shortvideo #trending #tieuduong",0,899,84,2023-11-26T13:00:11Z,1M,0
gZhChfwmBYM,https://www.youtube.com/watch?v=gZhChfwmBYM,UCayjJ3mBmH7N0eX8Qb7kIsw,BV Hoan My Saigon,Personal,Chế độ ăn cho người bệnh tiểu đường (đái tháo đường) và những thực phẩm cần kiêng ăn | Khoa Nội tiết,2568,128000,484450,2020-10-14T21:06:04Z,1H3M3S,165
_y41v5tcwMg,https://www.youtube.com/watch?v=_y41v5tcwMg,UCayjJ3mBmH7N0eX8Qb7kIsw,BV Hoan My Saigon,Personal,Chẩn đoán và điều trị đái tháo đường type 2 (tiểu đường tuýp 2) | Khoa Nội tiết,737,128000,144893,2020-05-26T21:02:05Z,57M54S,62
lsL2gpzrA6A,https://www.youtube.com/watch?v=lsL2gpzrA6A,UCYO8RPtaJnD2bxC8CZl1_PA,Dr Ngọc Official ,Organization,6 Cách Đảo Ngược Tiền Tiểu Đường Không Cần Dùng Thuốc | Dr Ngọc,2858,1310000,185469,2023-03-08T13:30:07Z,6M44S,317
WcI6NAymuNI,https://www.youtube.com/watch?v=WcI6NAymuNI,UCinkijG72G87sn-mtaFJTbA,KÊNH VTC14,Personal,Trẻ 8 tuổi nhập viện vì tiểu đường type 1 nặng | VTC14,35,3430000,26766,2023-02-13T09:34:37Z,1M17S,0
MQWObS6pFXM,https://www.youtube.com/watch?v=MQWObS6pFXM,UCbASh_T7D9xeezVtyiKt6CA,Khanh Duong,Personal,Video 7 - Điều trị đái tháo đường type 1,362,78900,32402,2023-02-24T06:19:46Z,1H53M3S,26
EsCDfXWgQ-w,https://www.youtube.com/watch?v=EsCDfXWgQ-w,UCkUgUwqHmGVx2jzUeaMyQdA,Minh Duc Vu Official,Organization,TIỂU ĐƯỜNG TÍP 1️⃣ & TÍP 2️⃣ ⚡️ LOẠI NÀO NẶNG HƠN❓| BS.CK2. VŨ MINH ĐỨC (PK GOLDEN CARE),8451,237000,588763,2021-10-26T06:00:14Z,29M42S,817
jOHt-_0f7V0,https://www.youtube.com/watch?v=jOHt-_0f7V0,UCYO8RPtaJnD2bxC8CZl1_PA,Dr Ngọc Official ,Organization,5 Điều Cần Biết Về Bệnh Tiền Tiểu Đường | Dr Ngọc,3557,1310000,213564,2023-03-09T06:30:08Z,12M25S,888
gBWYEG6fnt8,https://www.youtube.com/watch?v=gBWYEG6fnt8,UCg_uv-kUvUfTfv6KLa1dnVw,Hội Phổi Việt Nam,Personal,"VILA - Hướng dẫn điều trị tiểu đường type 1,2. Lưu ý điều trị tiểu đường bệnh nhân lao kháng thuốc",2,13200,120,2022-03-11T06:00:19Z,48M9S,0
rLRRgI8OXA8,https://www.youtube.com/watch?v=rLRRgI8OXA8,UCRdD55JrlRDzHeec3bKrH4g,VOA Tiếng Việt,Personal,Vắc-xin BCG có thể đảo ngược bệnh tiểu đường loại 1,10,1760000,8844,2012-08-30T03:06:09Z,2M41S,1
_vny22CiIxI,https://www.youtube.com/watch?v=_vny22CiIxI,UCyC4gCgS2BCTDvRJipdSP5Q,Khanh Duong MD,Personal,Thế nào là đái tháo đường type 1 và type 2?,428,21600,18255,2020-11-08T08:14:43Z,11M40S,38
lH9t02JHB1U,https://www.youtube.com/watch?v=lH9t02JHB1U,UCWfSYqkTHb-hBdtCYWKFBsQ,Trạm Tin Đó Đây,Personal,Barbie ra mắt búp bê mắc bệnh tiểu đường type 1,2,16200,548,2025-07-09T07:33:36Z,2M18S,0
S2Ia7nazNqs,https://www.youtube.com/watch?v=S2Ia7nazNqs,UCj4fwpXgw-jyiZ4TPAdChbw,OsmosisVietnamese,Personal,Đái tháo đường,3502,119000,303017,2017-07-14T13:33:14Z,17M53S,119
BcsQYt4Bcs8,https://www.youtube.com/watch?v=BcsQYt4Bcs8,UCD09NCZlzMj4yGvGkLbuBpw,Báo Sức khỏe & Đời sống,Personal,"Tác Dụng Của Trà, Cà Phê Với Bệnh Tiểu Đường | SKĐS",324,3000000,107434,2023-05-02T08:45:01Z,1M54S,0
i5-88mQ3kUU,https://www.youtube.com/watch?v=i5-88mQ3kUU,UCpfNT4Shp-UJ8Dbzowm_YRQ,Bệnh Viện Đa Khoa Tâm Anh,Personal,Đái tháo đường (tiểu đường) ở trẻ em là gì? Biến chứng và cách điều trị bệnh | BVĐK Tâm Anh,12,85500,1649,2023-06-29T08:00:15Z,3M31S,4
qPIKBYWuBKo,https://www.youtube.com/watch?v=qPIKBYWuBKo,UCmL5XFrOPUPfPznIVsUcTMA,ĐÔNG DƯỢC NESFACO,Personal,Chị tiểu đường type 1 uống được không #bepharin #tiểuđường #apharin,7,11500,411,2025-02-11T00:38:06Z,53S,0
mm97WhnITLo,https://www.youtube.com/watch?v=mm97WhnITLo,UCYO8RPtaJnD2bxC8CZl1_PA,Dr Ngọc Official ,Organization,6 Điều Bạn Cần Biết Về Bệnh Lý Tiểu Đường | Dr Ngọc,2982,1310000,244478,2023-02-16T04:00:11Z,16M8S,408
2kg79P_bODU,https://www.youtube.com/watch?v=2kg79P_bODU,UCuqtKp77ZbFRUFLq05-ddkw,Bệnh viện ĐKQT Vinmec,Personal,Chỉ số đường huyết bình thường và bảng đo đường huyết trước/ sau ăn,0,723000,308081,2021-03-04T15:31:51Z,2M45S,121
eA_X0evEUBg,https://www.youtube.com/watch?v=eA_X0evEUBg,UCuqtKp77ZbFRUFLq05-ddkw,Bệnh viện ĐKQT Vinmec,Personal,Đừng lơ là - Trẻ em cũng có thể mắc bệnh tiểu đường!!!,0,723000,3968,2022-07-03T13:00:32Z,3M12S,0
O-0KT8EpWWg,https://www.youtube.com/watch?v=O-0KT8EpWWg,UC6O1Gy5IpWzMkglOjdweeBQ,Organic Life,Personal,10 Dấu hiệu của BỆNH TIỂU ĐƯỜNG loại 2,141,6510,35949,2020-10-24T15:30:12Z,4M43S,18
nP6y5dA9S-w,https://www.youtube.com/watch?v=nP6y5dA9S-w,UCJ6UTvUx4l_Q54YPbG5nFJA,Bệnh viện Đa khoa Vạn Hạnh,Personal,Đái tháo đường Type 1 được điều trị nhờ công nghệ tế bào gốc,27,1670,4117,2017-09-26T01:45:04Z,8M51S,42
OWGkECKcy1A,https://www.youtube.com/watch?v=OWGkECKcy1A,UCmPdu28PZdURVqb9deV38lw,HTV Giải Trí,Personal,Điều trị tiểu đường loại 1 bằng tế bào gốc,23,355000,4696,2017-04-27T09:46:47Z,1M26S,5
LkRnselvr0Q,https://www.youtube.com/watch?v=LkRnselvr0Q,UCYO8RPtaJnD2bxC8CZl1_PA,Dr Ngọc Official ,Organization,Ngăn Chặn Bệnh Tiểu Đường Trước Khi Quá Muộn - Những Điều Ai Cũng Cần Biết | Dr Ngọc,866,1310000,37915,2024-12-20T12:00:06Z,20M56S,211
JACYhVwlXf4,https://www.youtube.com/watch?v=JACYhVwlXf4,UCD09NCZlzMj4yGvGkLbuBpw,Báo Sức khỏe & Đời sống,Personal,Tiểu đường tuýp 2 có chữa khỏi được không? Điều trị thế nào? | SKĐS,72,3000000,11981,2024-03-14T04:07:12Z,32M45S,0
eBKARM9Lw2g,https://www.youtube.com/watch?v=eBKARM9Lw2g,UCZnhEIF8a5Uv4GMPwT6KafQ,KÊNH VTC16,Personal,"Cách điều trị, nhận biết, triệu chứng bệnh tiểu đường | VTC16",750,1890000,375244,2020-07-08T08:15:40Z,56S,29
XOZrNqpPI4o,https://www.youtube.com/watch?v=XOZrNqpPI4o,UC-OotptSff-3oMvpw0yyHRw,Bệnh viện FV,Personal,KIỂM SOÁT BỆNH TIỂU ĐƯỜNG ĐỂ PHÒNG NGỪA BIẾN CHỨNG NGUY HIỂM,1,101000,53572,2023-10-04T02:38:07Z,3M20S,1
Mcc7WkcIvu8,https://www.youtube.com/watch?v=Mcc7WkcIvu8,UCEkrNMZLOTdysxX4lHRR9ZQ,PHÒNG KHÁM THẠNH TRỊ (GENERAL CLINIC),Personal,"TIỂU ĐƯỜNG TYPE 1, TYPE 2 LÀ GÌ? Shorts",34,53300,1247,2022-09-05T01:00:16Z,22S,9
r4LiNh2KnnE,https://www.youtube.com/watch?v=r4LiNh2KnnE,UCWv6Zj_E6AG73tOr14B2kGA,Eatsy,Personal,NHỮNG HƯỚNG MỚI TRONG PHÒNG BỆNH ĐÁI THÁO ĐƯỜNG TYPE I,0,3930,18,2021-01-14T03:03:39Z,1M57S,0
uQ97hupnEyo,https://www.youtube.com/watch?v=uQ97hupnEyo,UCWPwkxEJwTtKf85HufBudNA,Kiến Mỹ Hương,Personal,"thế nào là tiểu đường type 1, tiểu đường type 2 #tieuduong #daithaoduong #tieuduongvadaiduong",1,355,102,2025-01-03T00:20:59Z,1M29S,0
2UjAuNdZP74,https://www.youtube.com/watch?v=2UjAuNdZP74,UCWPwkxEJwTtKf85HufBudNA,Kiến Mỹ Hương,Personal,Tiểu đường type 1 hay type 2 nặng hơn #tieuduong #daithaoduong #khanginsulin #roiloanchuyenhoa,4,355,536,2025-02-17T07:14:13Z,1M36S,0
Fq1rMdCFoi4,https://www.youtube.com/watch?v=Fq1rMdCFoi4,UCRdD55JrlRDzHeec3bKrH4g,VOA Tiếng Việt,Personal,Giải pháp cho bệnh nhân tiểu đường,19,1760000,8484,2018-01-26T10:00:01Z,2M9S,1
jayC0pj5Pa4,https://www.youtube.com/watch?v=jayC0pj5Pa4,UCDLhNWWQeFZep0eh_1VDVLQ,Emma Pham Kitchen,Personal,Bệnh tiểu đường: Tiểu đường loại 2 có thể chữa lành được mà không cần phải dùng thuốc suốt đời?,177,267000,19128,2022-07-13T14:05:21Z,5M7S,23
6fpJhZG56lg,https://www.youtube.com/watch?v=6fpJhZG56lg,UCD09NCZlzMj4yGvGkLbuBpw,Báo Sức khỏe & Đời sống,Personal,"Tự Ý Bỏ Thuốc Điều Trị Tiểu Đường, Người Phụ Nữ Phải Nhập Viện Cấp Cứu |SKĐS",17,3000000,3688,2023-07-30T11:00:09Z,1M21S,0
D53FOtm7kow,https://www.youtube.com/watch?v=D53FOtm7kow,UCgKVnpqft_rMv2WmNTQyVdg,Fonos - Kho sách nói bản quyền,Personal,[Sách Nói] Mật Mã Tiểu Đường - Chương 1 | Jason Fung,421,734000,24734,2021-11-20T13:30:02Z,43M39S,29
-GtXgNNv4Gc,https://www.youtube.com/watch?v=-GtXgNNv4Gc,UCgnXUQ9NdVqFcQvmYggo-sw,Magical Dream,Personal,Bệnh tiểu đường type 1 và các dấu hiệu cần cấp cứu | SUNTIIN,0,1130,9,2023-06-08T09:00:00Z,4M30S,0
KQeYlkftZrU,https://www.youtube.com/watch?v=KQeYlkftZrU,UCWv8ieD5KsBTemA5ctSnLgQ,Trang Bio,Personal,Tiểu đường tuyp 1 và tiểu đường tuyp 2 là gì? #trangbio #suckhoe,0,40200,1874,2023-02-14T04:45:02Z,47S,2
6HPWAPOhPZU,https://www.youtube.com/watch?v=6HPWAPOhPZU,UCE1rNrXF8ukRx3hplmNPPtQ,HLV Kiểm Soát Cân Nặng,Personal,Bệnh tiểu đường type 1,1,1550,36,2020-04-02T13:00:04Z,2M42S,0
hF7DS7HoZsY,https://www.youtube.com/watch?v=hF7DS7HoZsY,UCYO8RPtaJnD2bxC8CZl1_PA,Dr Ngọc Official ,Organization,3 Lời Khuyên Dự Phòng Bệnh Đái Tháo Đường Từ Dr Ngọc,1637,1310000,88293,2021-09-14T13:30:13Z,16M42S,232
OGSQB6Ym7e8,https://www.youtube.com/watch?v=OGSQB6Ym7e8,UCwF5K8Qmg5lGCSQcwRP8TEg,Doctor Tien,Personal,ĐỘT PHÁ TRONG ĐIỀU TRỊ ĐÁI THÁO ĐƯỜNG TYPE 1 - MỘT TRONG NHỮNG BỆNH MẠN TÍNH THƯỜNG GẶP,4,7530,115,2024-06-15T00:00:12Z,7M42S,0
LGGzQMVUmdE,https://www.youtube.com/watch?v=LGGzQMVUmdE,UCmL5XFrOPUPfPznIVsUcTMA,ĐÔNG DƯỢC NESFACO,Personal,Tiểu đường type 1 đường huyết đang 15 chấm #tiểuđường #apharin #bepharin,3,11500,264,2025-04-09T08:16:49Z,55S,0
cdQXVCYxVBQ,https://www.youtube.com/watch?v=cdQXVCYxVBQ,UCZKyBTyyrsZbqBKfmihapVw,Tinh dầu thiên nhiên Gia Hiếu,Personal,Phân biệt tiểu đường type 1 và tiểu đường type 2,1,59,134,2023-06-08T07:08:59Z,4M40S,2
jtDQsD6QVDc,https://www.youtube.com/watch?v=jtDQsD6QVDc,UC4ZZ7FOTubQ3aXuKnRBTEwA,Dr Duyên Official,Organization,7 Biến Chứng Nguy Hiểm Của Bệnh Tiểu Đường | Dr Duyên,3,42000,176,2023-10-17T12:30:07Z,4M13S,0
4dT4G_K3uSI,https://www.youtube.com/watch?v=4dT4G_K3uSI,UCnGlyAcwQ0JSl3vUEg1vFDA,PharmaVina,Personal,Thông tin về bệnh tiểu đường Type 1| Pharmavina.com,0,10,1,2024-02-02T06:53:36Z,1M3S,0
-AY20eOk-Fs,https://www.youtube.com/watch?v=-AY20eOk-Fs,UCbpDLkRztNMlhpvq-8SBc3Q,Bác Sĩ Gia Đình Sài Gòn - SFD,Personal,Sự khác nhau giữa bệnh tiểu đường type 1 và 2 ? #bacsigiadinhsaigon #tieuduongtype2 #daithaoduong,0,613,82,2024-09-20T00:29:33Z,56S,0
-ZUroj7nJTU,https://www.youtube.com/watch?v=-ZUroj7nJTU,UCqTKgojXkyhFVmEJ7WkfS0Q,BAMBOO ALPHA,Personal,"BỆNH TIỂU ĐƯỜNG (Type 1, Type 2)",1,302,15,2021-02-13T17:49:15Z,25M21S,0
-yR1ztT77-k,https://www.youtube.com/watch?v=-yR1ztT77-k,UCbASh_T7D9xeezVtyiKt6CA,Khanh Duong,Personal,Video 1- Các thể đái tháo đường,1243,78900,78576,2023-02-24T06:19:21Z,55M17S,73
exZ78aRPsnM,https://www.youtube.com/watch?v=exZ78aRPsnM,UC_kSOy981Lct-JHkCcpgsZg,Dr. Wynn Tran Official,Organization,#81. Ăn uống chữa bệnh tiểu đường,14509,819000,1648302,2019-07-23T22:40:10Z,1H29M43S,827
G7tyFOfITiI,https://www.youtube.com/watch?v=G7tyFOfITiI,UClZZdvv78ltdyE9sYdcWh9Q,Bác Sĩ Chính Mình,Personal,CÁCH CHIA TAY TIỂU ĐƯỜNG BẠN CẦN BIẾT | BÁC SĨ CHÍNH MÌNH,28,117000,800,2023-03-19T02:28:29Z,5M9S,4
2VOS7Lr7g9A,https://www.youtube.com/watch?v=2VOS7Lr7g9A,UCpIIXEhaMLqWQr7LKKpLyNw,Kênh Sức Khỏe,Personal,Những điều cần biết về bệnh tiểu đường type 1,3,14,611,2017-01-03T06:12:11Z,28M1S,0
uQcxBMrUh70,https://www.youtube.com/watch?v=uQcxBMrUh70,UCyfXVqzr1Mju1XqjrO2ZbnQ,KHỎE ĐẸP 999,Personal,"Tiểu đường type 1 là nặng hay nhẹ, Biến chứng bệnh tiểu đường type 1",0,1820,10,2024-02-01T03:45:01Z,7M7S,0
O4suLpZr6r4,https://www.youtube.com/watch?v=O4suLpZr6r4,UC804lDrhWu9R75sHB8QBDag,Bệnh viện Link,Personal,"Các dấu hiệu nhận biết tiểu đường, Cách phát hiện sớm tiểu đường | Bệnh viện Link",80,41100,29012,2023-09-18T02:33:41Z,3M,2
TjljuaTNLmM,https://www.youtube.com/watch?v=TjljuaTNLmM,UCQI2QruoDG8wSaw6wzDaSAA,Chuẩn+...,Personal,BỆNH TIỂU ĐƯỜNG TYPE 1 CÓ NGUY HIỂM?,1,784,28,2024-06-19T13:15:02Z,4M29S,0
vlg4wnsjh6E,https://www.youtube.com/watch?v=vlg4wnsjh6E,UCrwJa6KRHWnJpJPZNeKKcvA,Tuổi Trẻ Media,Organization,"Podcast: Đái tháo đường type 1, mỗi ngày tiêm insulin 4 lần vẫn tham gia 4 giải chạy",1,388000,355,2025-04-17T12:01:43Z,5M47S,0
SAaYukOh6qk,https://www.youtube.com/watch?v=SAaYukOh6qk,UCbASh_T7D9xeezVtyiKt6CA,Khanh Duong,Personal,Video 5 - Các thuốc điều trị đái tháo đường type 2,1842,78900,154558,2023-02-24T06:19:39Z,1H44M56S,86
Gf5_jE0ZnG4,https://www.youtube.com/watch?v=Gf5_jE0ZnG4,UCM1Iwm3D4veSzPoT6Sp4D0g,Bs Thanh An Phước,Personal,Tiểu đường loại (type) 1 là gì? Nguy hiểm ra sao?,0,16,0,2025-03-18T02:18:05Z,2M41S,0
LSS0gsZVliU,https://www.youtube.com/watch?v=LSS0gsZVliU,UCYO8RPtaJnD2bxC8CZl1_PA,Dr Ngọc Official ,Organization,BỆNH TIỂU ĐƯỜNG và những điều bạn cần biết để phòng bệnh | Dr Ngọc,565,1310000,19144,2024-05-25T07:30:07Z,20M56S,197
ZDpOrb4S6n4,https://www.youtube.com/watch?v=ZDpOrb4S6n4,UCmnTKf5i1N7HwLfCgRLNPbQ,An Toàn Với Sức Khỏe,Personal,Bệnh tiểu đường (đái tháo đường) type 1 - type 2 là gì?,1,73,59,2021-06-06T13:20:14Z,2M15S,0
FzfYT_GkHcI,https://www.youtube.com/watch?v=FzfYT_GkHcI,UCcimQuIBHCEG8u25lpVVVcA,Sức Khỏe Cộng Đồng,Personal,"Bệnh tiểu đường type 1, type 2 & tiểu đường acid ketone DKA",0,3,1,2020-10-08T03:05:52Z,25M13S,0
OlsBm8VS8Ak,https://www.youtube.com/watch?v=OlsBm8VS8Ak,UCVI6VZrIY9UFkE5ImnT7S2g,MUDARU,Personal,Tiểu đường type 1 điều trị như thế nào?,32,941,1068,2019-12-31T02:07:19Z,4M13S,11
600KkiwyEVg,https://www.youtube.com/watch?v=600KkiwyEVg,UCrNO8uB0lC-W7tlN6Cq7khw,Dược sĩ gia đình,Personal,"Bệnh tiểu đường type 1, type 2 và các dấu hiệu nhận biết",9,73,145,2020-06-10T12:17:54Z,7M51S,0
AkgPvZBP0wI,https://www.youtube.com/watch?v=AkgPvZBP0wI,UCxnBkraHxDb9k8jPErySvig,Lối Sống Xanh,Personal,Tiểu Đường Type 1 vs Type 2 – Khác Nhau Thế Nào?,0,1560,20,2025-05-11T12:30:11Z,4M3S,0
RtGV1dfPU8E,https://www.youtube.com/watch?v=RtGV1dfPU8E,UC7BPhudofvcALiExadiiVhg,Minh Anh Vu,Personal,"Bệnh tiểu đường type 1, type 2 &  tiểu đường acid ketone DKA",0,11,7,2021-05-09T11:15:01Z,25M13S,0
985gPO3w_l4,https://www.youtube.com/watch?v=985gPO3w_l4,UC3hzUacdc4cPTMW0xOlegKA,NGUYỄN MINH TRÍ,Personal,"Bệnh tiểu đường type 1, type 2 & tiểu đường acid ketone DKA",0,175,5,2022-11-18T07:15:32Z,25M13S,0
3cRyjbmWDYg,https://www.youtube.com/watch?v=3cRyjbmWDYg,UCNht4TLAXA7avzCFumX0xOg,Trần Văn Khôi,Personal,"Bệnh tiểu đường type 1, type 2 & tiểu đường acid ketone DKA",1,374,6,2024-01-08T22:29:16Z,25M13S,0
iMW3vGOV42s,https://www.youtube.com/watch?v=iMW3vGOV42s,UCIyf05MVhenCuqH2zHF52NA,Vuongdinhthanh Vuong,Personal,bệnh án tiểu đường typ 1,4,79,307,2021-11-26T03:03:47Z,53M53S,1
_Iv8aGU7Lf4,https://www.youtube.com/watch?v=_Iv8aGU7Lf4,UCBNSanynVcLy-xrlLxmifLg,Ứng dụng tư vấn sức khỏe Online 365 Medihome,Personal,Chăm sóc và phòng ngừa biến chứng của bệnh tiểu đường | 365 Medihome,0,24800,146,2020-11-27T02:00:10Z,1H29M48S,0
jk1YFy6Oz-E,https://www.youtube.com/watch?v=jk1YFy6Oz-E,UCQxiVuPZSblLRDUBAUhF4aA,Momzo,Personal,Người bị Tiểu Đường type 1 cần xây dựng chế độ sinh hoạt như thế nào? #tieuduong #suatieuduong,1,398,126,2023-08-16T11:00:36Z,54S,0
fJODFtDaa1U,https://www.youtube.com/watch?v=fJODFtDaa1U,UCojnuXpObjplGxBFbf64WJw,Thuốc hay thầy giỏi,Personal,BỆNH TIỂU ĐƯỜNG TYPE1 CÓ CHỮA KHỎI KHÔNG? l LƯƠNG Y NGUYỄN THỊ HIỀN,0,43,40,2021-06-09T07:32:36Z,1M5S,0
VYjqcZo0-zc,https://www.youtube.com/watch?v=VYjqcZo0-zc,UCD09NCZlzMj4yGvGkLbuBpw,Báo Sức khỏe & Đời sống,Personal,Bé 8 Tuổi Nhập Viện Gấp Vì Đái Tháo Đường l SKĐS,69,3000000,20141,2023-02-13T11:45:10Z,2M45S,0
TRcKkMzKEMM,https://www.youtube.com/watch?v=TRcKkMzKEMM,UCRVLNpzPoztARLpW2tmMGPQ,ĐỨC TÂM AN - NIỀM TIN SỨC KHỎE CỦA BẠN,Personal,Bệnh tiểu đường Type 1 & Type 2,4,209,17,2020-08-20T14:30:32Z,25M21S,0
oqpyuQZjrpU,https://www.youtube.com/watch?v=oqpyuQZjrpU,UCrD1ekDnbobpZ8CujTU7NPg,Truc Duy House,Personal,"Bệnh tiểu đường type 1, type 2 & tiểu đường acid ketone DKA",0,72,4,2021-12-23T01:45:31Z,25M13S,0
OXYmG8g7Xc0,https://www.youtube.com/watch?v=OXYmG8g7Xc0,UCyyBwmLwgobr9-CSU9JuX3w,THS BS PHAN ANH TUẤN OFFICIAL,Organization,PHÂN LOẠI TIỂU ĐƯỜNG | CÁCH PHÂN LOẠI MỨC ĐỘ & TUÝP TIỂU ĐƯỜNG | THS BS PHAN ANH TUẤN OFFICIAL,24,7070,1241,2022-05-31T12:25:26Z,8M6S,5
EV6E_mwg_oI,https://www.youtube.com/watch?v=EV6E_mwg_oI,UCyWEFoVfuLzd2s8S4KqeR9g,Trần Sơn,Personal,Tiểu đường Type-1 có mổ cận được không | Trần Sơn #transon #tieuduong #tieuduongvadaiduong,0,856,8,2024-05-21T02:25:51Z,1M48S,0
5cf-GYUrw94,https://www.youtube.com/watch?v=5cf-GYUrw94,UCevx3UR91JjIpjD6eYW_2MA,VTV - Đài Truyền hình Việt Nam,Personal,Tụy nhân tạo cho bệnh nhân tiểu đường tuýp 1| VTV Sức khỏe #shorts #vtvsuckhoe #vtvdigital #news,7,55500,698,2024-04-25T13:55:00Z,27S,0
OXYmG8g7Xc0,https://www.youtube.com/watch?v=OXYmG8g7Xc0,UCyyBwmLwgobr9-CSU9JuX3w,THS BS PHAN ANH TUẤN OFFICIAL,Organization,PHÂN LOẠI TIỂU ĐƯỜNG | CÁCH PHÂN LOẠI MỨC ĐỘ & TUÝP TIỂU ĐƯỜNG | THS BS PHAN ANH TUẤN OFFICIAL,24,7070,1241,2022-05-31T12:25:26Z,8M6S,5
5cf-GYUrw94,https://www.youtube.com/watch?v=5cf-GYUrw94,UCevx3UR91JjIpjD6eYW_2MA,VTV - Đài Truyền hình Việt Nam,Personal,Tụy nhân tạo cho bệnh nhân tiểu đường tuýp 1| VTV Sức khỏe #shorts #vtvsuckhoe #vtvdigital #news,7,55500,698,2024-04-25T13:55:00Z,27S,0
Q16aeKDPxeA,https://www.youtube.com/watch?v=Q16aeKDPxeA,UCfUbRhr13XdumUFsFg9iMfA,KIẾN THỨC THÚ VỊ Official,Organization,Bệnh Tiểu đường là gì? Hiểu rõ chỉ đúng trong 5 phút,19348,2650000,1525444,2020-05-24T11:30:11Z,5M47S,759
N9uW08_xDb0,https://www.youtube.com/watch?v=N9uW08_xDb0,UCvB-lE4-J8XPt6Cp4jXG1hg,Liva Herbal,Personal,Kiến thức tiểu đường Type 1,21,696,1638,2016-06-23T10:17:20Z,6M10S,0
t8NIxDSljUk,https://www.youtube.com/watch?v=t8NIxDSljUk,UCmL5XFrOPUPfPznIVsUcTMA,ĐÔNG DƯỢC NESFACO,Personal,Anh tiểu đường type 1 em hướng dẫn cho anh #tiểuđường #lamdep #apharin,6,11500,584,2025-03-27T06:42:46Z,1M7S,0
MCICr5HwHEo,https://www.youtube.com/watch?v=MCICr5HwHEo,UCpplFJQTJDyZTFgo_Zq48DQ,Bệnh viện Đa khoa Hòa Bình - Hải Phòng,Personal,44 SKMN số 44   Bệnh tiểu đường type 1,0,1060,1,2019-12-27T13:24:29Z,6M27S,0
muntAalyUvY,https://www.youtube.com/watch?v=muntAalyUvY,UCYefIKbbZ8b6jQM76wOmJAA,Bình Yên Tuổi Xế Chiều,Personal,Các Dấu hiệu cảnh báo sớm của bệnh tiểu đường Type 1 so với Type 2 | Bình Yên Tuổi Xế Chiều,9,1510,59,2025-06-19T12:31:05Z,13M17S,0
QSlDNUZ81mQ,https://www.youtube.com/watch?v=QSlDNUZ81mQ,UCM9I-aFPJof-u4g0YXMkDLA,Dược Liệu Pù Mát,Personal,"Loại thảo dược khắc tinh cho bệnh tiểu đường tuyp1, tuyp 2 #tieuduong #daythiacanh#ondinhduonghuyet",6,64,1032,2025-06-27T05:30:14Z,1M6S,0
MhPueTNVYD0,https://www.youtube.com/watch?v=MhPueTNVYD0,UC2Bazxpl5tXZyp5-I1jG4zw,Chữa Trị Tiểu Đường 365,Personal,Bệnh Tiểu Đường Type 1,0,5,43,2016-11-24T12:57:23Z,5M56S,0
hWZabV8I-Es,https://www.youtube.com/watch?v=hWZabV8I-Es,UC804lDrhWu9R75sHB8QBDag,Bệnh viện Link,Personal,Tiểu đường là gì làm sao để không mắc tiểu đường | 3 phút sống khoẻ cùng bác Ben | Bệnh viện Link,2,41100,5374,2023-09-09T07:12:14Z,3M53S,0
fMMkN9GolBE,https://www.youtube.com/watch?v=fMMkN9GolBE,UCmL5XFrOPUPfPznIVsUcTMA,ĐÔNG DƯỢC NESFACO,Personal,Tiểu đường type 1 điều trị như thế nào #tieuduong #bepharin #nguyencongduc,5,11500,362,2024-07-06T10:30:25Z,1M,0
LBaDOgQjgGs,https://www.youtube.com/watch?v=LBaDOgQjgGs,UCnmBJehi8D5UfPv6Nh50wUg,HOANG VI,Personal,Nguyên nhân bị tiểu đường và tiểu đường TYPE 1,3,37,6,2022-06-10T08:53:32Z,2M31S,0
0emfD24doHw,https://www.youtube.com/watch?v=0emfD24doHw,UCBZR4I8K_SGeHSmZ2uUPmUg,Sức Khỏe Người Việt,Personal,"Bệnh tiểu đường type 1, type 2 & tiểu đường acid ketone DKA",0,15,0,2020-10-09T07:18:01Z,25M13S,0
kaM91CabxZ8,https://www.youtube.com/watch?v=kaM91CabxZ8,UCYO8RPtaJnD2bxC8CZl1_PA,Dr Ngọc Official ,Organization,Ai có nguy cơ cao mắc BỆNH TIỂU ĐƯỜNG hơn những người còn lại | Dr Ngọc,366,1310000,11072,2024-06-22T05:00:07Z,6M36S,80
QBwQmD62YKc,https://www.youtube.com/watch?v=QBwQmD62YKc,UCtZEJf3Yzmhb5TK2spgPJxw,SỨC KHỎE VÀ SẮC ĐẸP,Personal,TIỂU ĐƯỜNG TÝP NÀO NẶNG NHẤT? PHÂN BIỆY TIỂU ĐƯỜNG TYPE 1 & TYPE 2 ĐỂ ĐIỀU TRỊ ĐÚNG CÁCH #tiểuđường,2,475,15,2024-05-14T10:51:12Z,5M21S,0
KsQwK6NGyCY,https://www.youtube.com/watch?v=KsQwK6NGyCY,UCsrnqnGt02Y5bG9lCfjXiVA,Gafo Nutrition,Personal,"""ÁN CHUNG THÂN"" TIỂU ĐƯỜNG TYPE 1 #shorts",1,4150,68,2025-05-15T13:00:37Z,1M,0
aAuy4I2Oviw,https://www.youtube.com/watch?v=aAuy4I2Oviw,UCG0vrtjF9cpM94uq-urcuMA,Bác Sĩ Bệnh Tiểu Đường,Personal,Tiểu Đường Tuýp 1 Có Thành Tuýp 2 Không?,0,16,15,2025-03-28T09:14:20Z,1M54S,0
LaFGZ9SAGhU,https://www.youtube.com/watch?v=LaFGZ9SAGhU,UCmL5XFrOPUPfPznIVsUcTMA,ĐÔNG DƯỢC NESFACO,Personal,Tiểu đường type 1 thì sao anh #tiểuđường #apharin #bepharin,2,11500,537,2025-02-26T04:18:41Z,1M24S,0
5l9m7opvEB0,https://www.youtube.com/watch?v=5l9m7opvEB0,UC9Jit2f1U5bdVaL6zKtMFrw,Quyết Hai Cáp,Personal,Tiểu đường 02: Type 1 là gì ?#Tiểuđường #Đườnghuyết #Insulin #HighCarb #HaiCáp,2,16,30,2024-10-11T15:31:20Z,44S,0
qpxR3cvki1c,https://www.youtube.com/watch?v=qpxR3cvki1c,UCRfBYyVNvdPsc_UAhr0fjbg,Lê Thị Định,Personal,Phân biệt tiểu đường type 1 và tiểu đường type 2. #tieuduong,2,169,956,2025-06-20T07:50:39Z,58S,0
Cdo8QIh_I6U,https://www.youtube.com/watch?v=Cdo8QIh_I6U,UCmL5XFrOPUPfPznIVsUcTMA,ĐÔNG DƯỢC NESFACO,Personal,Tiểu đường type 1 dùng được #tiểuđường #bepharin,11,11500,1647,2025-07-16T06:42:14Z,1M41S,0
DPDwxE6x-is,https://www.youtube.com/watch?v=DPDwxE6x-is,UCY899vPkVj1sZ6uCictZXPw,Bs Thủy Triệu Official,Organization,Các loại thuốc điều trị tiểu đường tuýp 1 #shorts,5,4930,313,2023-05-23T22:30:01Z,26S,0
Z8vtM1OWdwk,https://www.youtube.com/watch?v=Z8vtM1OWdwk,UCgv5jN6P6SgWZzw3V7NV0aw,Dược Phẩm Hebipha Official,Organization,Tiểu đường type 1 là nặng hay nhẹ ? #daithaoduong #chuatieuduong #bienchungtieuduong #tritieuduong,1,17300,33,2023-12-07T03:20:51Z,1M1S,0
jRAbXs260bE,https://www.youtube.com/watch?v=jRAbXs260bE,UC7vr2qWaCFaXeWAt6io-AxQ,BỆNH ĐỘT QUỴ,Personal,Bệnh tiểu đường không điều trị ảnh hưởng cơ thể ra sao?,7,36200,394,2023-02-22T09:15:31Z,4M2S,1
Jb9ospR57Dk,https://www.youtube.com/watch?v=Jb9ospR57Dk,UCVmYcvXlUFwPTs75KcFpOWA,MSC International Clinic,Personal,Bệnh lý đái tháo đường có mấy loại?,0,111,2,2025-08-06T03:28:13Z,2M14S,0
pdCDII11Wj0,https://www.youtube.com/watch?v=pdCDII11Wj0,UCRa4BoG0IlkvdYah1OJ0kSQ,Blog Ẩm Thực,Personal,BỆNH TIỂU ĐƯỜNG NÊN ĂN VÀ TRÁNH ĂN GÌ #bệnhtiểuđườngnênăngì #benhtieuduong,377,27000,50496,2024-12-03T06:48:19Z,1M1S,0
qmbdfkC29sE,https://www.youtube.com/watch?v=qmbdfkC29sE,UCyyBwmLwgobr9-CSU9JuX3w,THS BS PHAN ANH TUẤN OFFICIAL,Organization,LÀM SAO ĐỂ BIẾT BẠN BỊ TIỂU ĐƯỜNG #shorts #thsbsphananhtuanofficial #tieuduong,9,7070,499,2023-08-19T11:30:31Z,39S,0
sQB_Xoa4uQU,https://www.youtube.com/watch?v=sQB_Xoa4uQU,UCW8soXLIMtTtcnPdEzvcstQ,Y Dược TV (Học Bán Thuốc Tây),Personal,So sánh tiểu đường tube 1 và tiểu đường tube 2 | nguyên nhân tiểu đường tube 1 và tube 2 | Y Dược TV,86,60300,2641,2023-10-31T13:00:55Z,56S,13
W_4eGx4hGxE,https://www.youtube.com/watch?v=W_4eGx4hGxE,UCAgehYjUxNc7vHpf3F06mXQ,Video AloBacsi,Personal,🔴 Làm thế nào sống vui sống khỏe với bệnh đái tháo đường?,147,1650000,12382,2024-08-13T22:38:34Z,1H28M40S,5
5R5ym759Puk,https://www.youtube.com/watch?v=5R5ym759Puk,UCbW0qp1WculB41-sqYrxB2w,Phòng khám đa khoa SCT,Personal,Triệu chứng tiểu đường type 1 #tieuduongtuyp1 #tieuduong,1,602,35,2024-07-01T03:38:08Z,48S,0
1yMkgrOvUHU,https://www.youtube.com/watch?v=1yMkgrOvUHU,UCoAQkGy6NnLDlAnbmH2BjhA,Bi Chano,Personal,"Bệnh Tiểu Đường Loại 1, 1.5, 2 và TĐ Thai Kỳ. Những Điều Cần Lưu Ý",42,1120,1525,2021-02-23T13:00:01Z,14M51S,0
3m37CdnQV3w,https://www.youtube.com/watch?v=3m37CdnQV3w,UCmL5XFrOPUPfPznIVsUcTMA,ĐÔNG DƯỢC NESFACO,Personal,Tiểu đường type 1 tháng mấy lọ bepharin #tiểuđường #lamdep #apharin,9,11500,547,2025-03-10T13:15:47Z,1M18S,0
axev5JXRqHQ,https://www.youtube.com/watch?v=axev5JXRqHQ,UCAyhHUBTi-SzjvC7YwkMwNQ,AloBacsi Shorts,Personal,"Tiểu đường type 1 chỉ mắc ở trẻ em do di truyền, còn type 2 chỉ mắc ở người lơn?",8,38300,383,2024-01-23T13:58:36Z,1M,0
_OTD39MjFgE,https://www.youtube.com/watch?v=_OTD39MjFgE,UCt7laUIoV-r6yksbe_p-6eQ,Đặng Kim Toàn Yoga Trị Liệu,Personal,"Bài tập Yoga chữa bệnh tiểu đường type 1 và 2 không lo biến chứng, bài 4 - Đặng kim toàn",9,128000,1028,2022-09-13T04:58:53Z,43M41S,2
Oy9BUtzn8Sw,https://www.youtube.com/watch?v=Oy9BUtzn8Sw,UCpj5rjhd5IEij0vWnpm73aA,Sức Khoẻ 365,Personal,Tin tức sức khỏe: Cảnh báo về bệnh tiểu đường type 1 ở trẻ em,4,616,453,2024-07-29T03:54:16Z,33S,0
T4N24TOoxfk,https://www.youtube.com/watch?v=T4N24TOoxfk,UCevWqGNOa926IDzXwmd3QNA,BÀI THUỐC HAY CHỮA BỆNH TIỂU ĐƯỜNG,Personal,"BỆNH TIỂU ĐƯỜNG TYPE 1, benh dai thao duong",0,44,106,2017-09-15T09:03:30Z,2M1S,0
Q2feygdfYR0,https://www.youtube.com/watch?v=Q2feygdfYR0,UC_Aa4bS_xbqrj96_ZSEiO8Q,Thuỷ Vũ,Personal,5 Điều cần biết về tiểu đường tuýp 1 #25greennutri #thuyvu #25betaglucare #songkhoe #shoert,6,80500,337,2023-03-05T12:52:31Z,42S,0
wqf5N8tCdxM,https://www.youtube.com/watch?v=wqf5N8tCdxM,UCmL5XFrOPUPfPznIVsUcTMA,ĐÔNG DƯỢC NESFACO,Personal,Tiểu đường type 1 uống bepharin bao lâu có hiệu quả #tiểuđường #apharin #bepharin,7,11500,220,2025-02-25T21:50:51Z,56S,0
4TXRElZEx5Y,https://www.youtube.com/watch?v=4TXRElZEx5Y,UCkNoB0yzMGWhZd3Oy4HPfBg,Thanh Ngọc Health,Personal,tiểu đường type 1 là gì? - Thanh Ngọc Health,2,359,20,2022-07-16T00:00:01Z,37S,0
u2Ius99THlo,https://www.youtube.com/watch?v=u2Ius99THlo,UCr9RUmjlYbjjs4JiB541Z8g,Bệnh viện Chuyên khoa Mắt Cao Thắng,Personal,BỆNH VÕNG MẠC TIỂU ĐƯỜNG - BIẾN CHỨNG NGUY HIỂM CỦA BỆNH TIỂU ĐƯỜNG CẦN ĐƯỢC KIỂM SOÁT‼️,3,343,173,2023-06-07T09:31:30Z,21S,0
Ci62h3pmu4M,https://www.youtube.com/watch?v=Ci62h3pmu4M,UCSI4ohqPHJn1KE4MOWhRpHQ,BsLinh-MD,Personal,Tiểu Đường Type 1 Và Type 2 Khác Nhau Thế Nào?| Bác Sĩ Linh,10,3260,71,2025-05-04T09:00:26Z,8M31S,2
Y5ox6YUZnhw,https://www.youtube.com/watch?v=Y5ox6YUZnhw,UCbXSHNop_NUvU-smlLoImng,Lương Y Nguyễn Thị Nghê - Chữa Bệnh Tiểu Đường,Personal,triệu chứng bệnh tiểu đường giai đoạn đầu|tiểu đường type 1,1,2820,34,2019-07-31T06:35:00Z,5M17S,0
sfaDoYNzfw4,https://www.youtube.com/watch?v=sfaDoYNzfw4,UCffZUHnxivKa83qrI2Oq8KQ,Sức Khỏe 24h TV,Personal,NHẬN DIỆN TIỂU ĐƯỜNG TYPE 1 VÀ TIỂU ĐƯỜNG TYPE 2  #shorts #tintuc #suckhoe,0,41,4,2025-01-14T12:01:19Z,57S,0
Pv0mTAVREsg,https://www.youtube.com/watch?v=Pv0mTAVREsg,UCbXSHNop_NUvU-smlLoImng,Lương Y Nguyễn Thị Nghê - Chữa Bệnh Tiểu Đường,Personal,tiểu đường type 1|triệu chứng bệnh tiểu đường giai đoạn đầu,0,2820,55,2019-07-31T06:38:06Z,4M25S,0
Pv0mTAVREsg,https://www.youtube.com/watch?v=Pv0mTAVREsg,UCbXSHNop_NUvU-smlLoImng,Lương Y Nguyễn Thị Nghê - Chữa Bệnh Tiểu Đường,Personal,tiểu đường type 1|triệu chứng bệnh tiểu đường giai đoạn đầu,0,2820,55,2019-07-31T06:38:06Z,4M25S,0
PwKlWLhW9Ps,https://www.youtube.com/watch?v=PwKlWLhW9Ps,UCzQ-_ZnkAQbD5paMvw52mFw,DUY ANH WEB,Personal,Tiểu đường type 2 nặng hay nhẹ so với type 1 và type 3? - Duy Anh Web,2,17300,15,2021-01-14T08:14:50Z,6M6S,12
Eo48F-Ka-h8,https://www.youtube.com/watch?v=Eo48F-Ka-h8,UCmL5XFrOPUPfPznIVsUcTMA,ĐÔNG DƯỢC NESFACO,Personal,BEPHARIN - ĐIỀU TRỊ TIỂU ĐƯỜNG HIỆU QUẢ NHẤT HIỆN NAY,11,11500,795,2020-12-18T04:33:52Z,6M48S,2
oWdkDnrQYTs,https://www.youtube.com/watch?v=oWdkDnrQYTs,UCB4HZL7m4x-ghBIJWEfCg5Q,Dược Sĩ Bình,Personal,Triệu Chứng Khác Nhau Giữa Đái Tháo Đường Tuýp 1 Và 2,8,14900,240,2023-08-23T10:00:42Z,42S,0
3JwzipsuBMg,https://www.youtube.com/watch?v=3JwzipsuBMg,UCzm9gq8QscyUPXFHVNL0K0A,Hang Nguyen,Personal,"Bệnh tiểu đường type 1, 2: chế độ ăn ngăn ngừa biến chứng",0,20,87,2015-04-14T13:33:36Z,11S,0
B5v99VSFylE,https://www.youtube.com/watch?v=B5v99VSFylE,UC_56njQJKaZjy-X5jNlJFWA,Giang Nam Nguyen,Personal,Tiểu đường type 1 hay 2 nặng hơn #tieuduongtuyp2 #tieuduongvadaiduong,0,15,9,2024-03-15T19:03:05Z,1M1S,0
yQa7IACrbBk,https://www.youtube.com/watch?v=yQa7IACrbBk,UCJ5q6tUAT64mL-DDweWY5Rw,ĐỖ VĂN NGHĨA,Personal,"Bệnh Tiểu Đường: Phân Biệt, Nhận BiếtTiểu Đường Typ 1 và Tiều Đường Typ 2",2,208,106,2022-10-30T11:26:35Z,11M2S,1
r4EwmRkPvvM,https://www.youtube.com/watch?v=r4EwmRkPvvM,UCQmEy-sNTP3AwcuxrpJP2nA,Bác Định- Chuyên Gia Xét Nghiệm ,Personal,Bệnh Tiểu đường type 1 là gì ???,0,8930,490,2023-02-09T02:05:39Z,23S,0
vg99guSMzC0,https://www.youtube.com/watch?v=vg99guSMzC0,UCNX5lb_fll2ABZITafZhS7Q,Tạp chí Sức khỏe+,Personal,Đái tháo đường type 1 ở trẻ em đang có xu hướng gia tăng | Dòng chảy Sức khỏe+ #suckhoecong,0,740,39,2024-06-29T08:40:34Z,2M26S,0
htbod_-AwH4,https://www.youtube.com/watch?v=htbod_-AwH4,UCmW-gKCPVmjct7-FMOVcTBQ,Cuộc Sống Hạnh Phúc,Personal,"Bệnh tiểu đường loại 1-2: Nguyên nhân, biến chứng và cách kiểm soát đường huyết",11,901000,744,2020-03-19T13:00:28Z,5M14S,0
zH7egWIS3SY,https://www.youtube.com/watch?v=zH7egWIS3SY,UCbXSHNop_NUvU-smlLoImng,Lương Y Nguyễn Thị Nghê - Chữa Bệnh Tiểu Đường,Personal,NGƯỜI BỆNH TIỂU ĐƯỜNG TYPE 1 CẦN CHÚ Ý ĐẾN VẤN ĐỀ ĐÀO THẢI???,2,2820,157,2021-07-02T04:20:47Z,36S,0
ptuh9pZ-L8A,https://www.youtube.com/watch?v=ptuh9pZ-L8A,UCpxNx9nSmESojnhSI_fD8rA,Ngọc Đình,Personal,"Bệnh tiểu đường type 1,5 –LADA",0,15,25,2016-04-07T09:32:05Z,31S,0
p-yX3qjIcFs,https://www.youtube.com/watch?v=p-yX3qjIcFs,UCSCcR7ckfyA169MWg6PrNbA,Ths Ds Trần Thị Nhung,Personal,Đái tháo đường type 1 đâu là giải pháp #tiểuđường,0,30000,16,2023-10-14T10:03:29Z,3M1S,0
-H2ilwPa1jQ,https://www.youtube.com/watch?v=-H2ilwPa1jQ,UCz20G6-TxMylsNDvbFCMr8A,Kiến thức tiểu đường,Personal,【2-4】Phân loại bệnh tiểu đường - Tiểu đường có mấy dạng? mấy tuýp? ✅,11,387,2158,2018-11-06T10:02:45Z,3M6S,0
iKjAmJ84BLs,https://www.youtube.com/watch?v=iKjAmJ84BLs,UCkNoB0yzMGWhZd3Oy4HPfBg,Thanh Ngọc Health,Personal,Tiểu đường type 2 là gì?,14,359,717,2022-07-16T12:13:35Z,52S,0
PugBf_9Cplo,https://www.youtube.com/watch?v=PugBf_9Cplo,UCrwJa6KRHWnJpJPZNeKKcvA,Tuổi Trẻ Media,Organization,Nhiều người dân tộc thiểu số mắc bệnh tiểu đường khi còn rất trẻ,2,388000,328,2023-03-31T13:00:15Z,3M22S,0
cgyHHmrg9aE,https://www.youtube.com/watch?v=cgyHHmrg9aE,UCsO8EPDI1SwljH8othcH16Q,LƯƠNG Y NGUYỄN THỊ HIỀN - KHO BÁU THUỐC NAM,Personal,BỆNH TIỂU ĐƯỜNG TYPE 1 CÓ CHỮA KHỎI KHÔNG???,1,7430,39,2021-06-19T02:11:41Z,1M5S,0
Y_yUw95rdqM,https://www.youtube.com/watch?v=Y_yUw95rdqM,UCgv5jN6P6SgWZzw3V7NV0aw,Dược Phẩm Hebipha Official,Organization,Phương pháp trị bệnh tiểu đường type 1 bằng ghép tế bào gốc có thật sự khỏi bệnh ?,3,17300,424,2019-08-19T15:21:08Z,7M8S,1
X3D4-Zm2ess,https://www.youtube.com/watch?v=X3D4-Zm2ess,UCgESTNeHpijqwv-WQ0X52_w,Chim Sẻ,Personal,Bệnh Tiểu Đường Là Gì? - Bằng Cách Nào Chúng Ta Có Thể Phòng Tránh Và Chữa Được Bệnh Tiểu Đường?,42,86,3983,2021-12-22T10:13:53Z,44S,0
GwFDq9Mj_H8,https://www.youtube.com/watch?v=GwFDq9Mj_H8,UCoN-X8rwUDNNHmKmrjcBSJw,THẢO DƯỢC MINH NHI,Personal,Phân biệt tiểu đường type 1 và 2,1,1130,52,2024-10-02T08:26:43Z,1M58S,0
pIEiTcRE5qI,https://www.youtube.com/watch?v=pIEiTcRE5qI,UCyWEFoVfuLzd2s8S4KqeR9g,Trần Sơn,Personal,Tiểu đường type 1 và tiểu đường type 2 cái nào nặng hơn | Trần Sơn #transon #tieuduong,0,856,8,2024-05-22T07:07:43Z,1M16S,0
t6orBX7TUDk,https://www.youtube.com/watch?v=t6orBX7TUDk,UCJqfqyWsqzDg3gWqd5x0kKA,Công ty Dược phẩm Kentado,Personal,"ĐIỀU TRỊ TIỂU ĐƯỜNG - Tiểu đường Type 1 và type 2, loại nào nguy hiểm hơn?",1,40,17,2017-07-01T04:37:48Z,53S,0
sq2iudhKA9U,https://www.youtube.com/watch?v=sq2iudhKA9U,UCj7ZtTSZQrPdh9tXc6yogXw,Bác Sĩ Vân Anh Official,Organization,Ăn Cơm Trắng Có Bị Bệnh Tiểu Đường Hay Không? | Bác Sĩ Vân Anh,6,4720,151,2024-01-23T04:12:51Z,1M36S,3
envsDl7w5BQ,https://www.youtube.com/watch?v=envsDl7w5BQ,UCmL5XFrOPUPfPznIVsUcTMA,ĐÔNG DƯỢC NESFACO,Personal,Tiểu đường type 1 là thời gian nào #tiểuđường #lamdep #apharin,5,11500,530,2025-03-06T07:05:16Z,51S,0
I2G_pjOdIuM,https://www.youtube.com/watch?v=I2G_pjOdIuM,UCPaYWcNqBZ7RqSRibst-HHw,Tiến Sĩ Phạm Hưng Củng Ích Tâm Đường,Personal,"Ổn Định Tiểu Đường Type 1, 2 Bằng Bài Thuốc Của Tiến Sĩ Củng | Tư Vấn Miễn Phí Gọi 070.789.9876",4,251,786,2021-01-05T05:26:03Z,5M54S,1
kaguiNCQXeQ,https://www.youtube.com/watch?v=kaguiNCQXeQ,UCPN9Ox7sOYr_kKtO59RtkZw,Khỏe Tự Nhiên Đỗ Ngọc Diệp,Personal,Dấu hiệu cảnh báo bạn đã bị tiểu đường type 1 #dongocdiep #shorts,3,22100,293,2023-07-25T04:43:49Z,56S,0
y3tu9IDjt_A,https://www.youtube.com/watch?v=y3tu9IDjt_A,UCnYCxv4tVb-bzJi4aOObPxg,Ngọc Thành,Personal,"suy giáp, tiểu đường type 1",0,256,23,2021-12-13T18:24:03Z,1H27M52S,0
p77OVBCskRQ,https://www.youtube.com/watch?v=p77OVBCskRQ,UCVVU3wNOVGICJFAJWdzNV1g,Yoga Trị Liệu Cô Thủy,Personal,Yoga trị liệu cho người bị tiểu đường - đái tháo đường type 1 và 2 không lo biến chứng | Fulife yoga,849,60200,110904,2020-08-03T04:00:17Z,55M14S,76
s7TP2OtlAqs,https://www.youtube.com/watch?v=s7TP2OtlAqs,UCyyBwmLwgobr9-CSU9JuX3w,THS BS PHAN ANH TUẤN OFFICIAL,Organization,Bị TIỂU ĐƯỜNG nên TIÊM INSULIN vào VỊ TRÍ NÀO để hấp thụ tốt nhất #shorts #thsbsphananhtuanofficial,70,7070,4285,2023-04-08T11:30:16Z,25S,23
3wIdxNTGbm0,https://www.youtube.com/watch?v=3wIdxNTGbm0,UCgv5jN6P6SgWZzw3V7NV0aw,Dược Phẩm Hebipha Official,Organization,PHÂN BIỆT BỆNH TIỂU ĐƯỜNG TYPE 1 VÀ TYPE 2.,1,17300,202,2019-07-02T01:26:49Z,42S,1
jBKC9fGylD4,https://www.youtube.com/watch?v=jBKC9fGylD4,UCeWet_XvBU4rAQlimBz708g,Sàn Đông Y,Personal,Đái tháo đường type 1,1,509,174,2020-11-26T06:15:05Z,4M59S,0
VRHTYOKUcHc,https://www.youtube.com/watch?v=VRHTYOKUcHc,UCwpYXqYAVlla9N87T1V3UOw,GIÁ NHƯ,Personal,"GIÁ NHƯ - TỌA ĐÀM 30:""ĐÁI THÁO ĐƯỜNG TYPE 1 Ở NGƯỜI TRẺ TUỔI ""BẢN TRUYỀN HÌNH",0,165,18,2021-08-28T10:44:33Z,10M42S,0
H-EB9MTwzWc,https://www.youtube.com/watch?v=H-EB9MTwzWc,UCLBwASHY1AVvGnUeo2SnUZQ,Trung Tâm Tư Vấn Sức Khỏe,Personal,"Tiểu Đường Type 1, Type 2 đã có cách thoát khỏi",0,34,13,2020-07-31T16:10:33Z,9M39S,0
Yw-z6_SVtXE,https://www.youtube.com/watch?v=Yw-z6_SVtXE,UCpj5rjhd5IEij0vWnpm73aA,Sức Khoẻ 365,Personal,Tin tức sức khỏe: Quản lý Tiểu đường Type 1 Hiệu Quả,0,616,75,2024-08-01T09:55:38Z,23S,0
Ypl4rRBK5Ig,https://www.youtube.com/watch?v=Ypl4rRBK5Ig,UCwzhk3QSwt54eoce4bMGCCA,HIỀN ANH 1,Personal,BỆNH.TIỂU.ĐƯỜNG.TYPE1-2,48,82300,501,2022-08-17T13:00:27Z,19M7S,16
z9xMKVL9CU8,https://www.youtube.com/watch?v=z9xMKVL9CU8,UCt7laUIoV-r6yksbe_p-6eQ,Đặng Kim Toàn Yoga Trị Liệu,Personal,"Bài tập Yoga chữa bệnh tiểu đường type 1 và 2 không lo biến chứng, bài 6 - Đặng kim toàn",8,128000,896,2022-09-18T00:31:41Z,42M40S,6
TZWMHTjzI9A,https://www.youtube.com/watch?v=TZWMHTjzI9A,UCgBlOWdkkTR6klQr_7GXudg,Diễm Phúc,Personal,5 Triệu Chứng Sớm Của Bệnh Tiểu Đường Tuýp 1 #shorts,5,99,251,2022-08-18T13:00:15Z,34S,0
gbJoSuCHJQY,https://www.youtube.com/watch?v=gbJoSuCHJQY,UCG75SX8SevalbjFtXHOoPag,Rose Garden Nutrinose,Personal,Bệnh tiểu đường loại 1 - Bệnh tiểu đường tuýp 1 - Đường ăn kiêng Nutrinose,2,24,1226,2013-01-11T02:37:23Z,2M17S,3
JcC4IYqDt44,https://www.youtube.com/watch?v=JcC4IYqDt44,UCxyiSz4m161Z6frOsFxJpgw,Cleveland Clinic,Personal,What Is Type 1 Diabetes?,14,678000,1573,2025-03-28T10:45:01Z,2M5S,1
tfZEiRlWslQ,https://www.youtube.com/watch?v=tfZEiRlWslQ,UCwzhk3QSwt54eoce4bMGCCA,HIỀN ANH 1,Personal,BỆNH/TIỂU/ĐƯỜNG/TYPE1-2( CÓ VIDEO MINH HOẠ),46,82300,905,2022-08-18T13:10:36Z,21M15S,13
-_aGeSc9rR8,https://www.youtube.com/watch?v=-_aGeSc9rR8,UCYpyOPW7z-yOBFl6aM-kQsA,Deepcare Vietnam,Personal,Đái tháo đường I Phân biệt đái tháo đường Type 1 và Type 2 I Deepcare,15,514,3066,2020-06-16T07:32:29Z,2M56S,1
fsqcRnDmLq0,https://www.youtube.com/watch?v=fsqcRnDmLq0,UCbpDLkRztNMlhpvq-8SBc3Q,Bác Sĩ Gia Đình Sài Gòn - SFD,Personal,Sự khác nhau căn bản giữa bệnh đái tháo đường type 1 và type 2 là gì?,0,613,27,2024-10-22T04:08:08Z,2M10S,0
Nf64Q00JWDM,https://www.youtube.com/watch?v=Nf64Q00JWDM,UCffZUHnxivKa83qrI2Oq8KQ,Sức Khỏe 24h TV,Personal,Bí Quyết Sống Khỏe Mạnh Với Tiểu Đường Type 1 Mà Không Dựa Vào Insulin #shorts  #tintuc #suckhoe,0,41,3,2025-01-20T23:45:00Z,54S,0
wc5G_hW7cpw,https://www.youtube.com/watch?v=wc5G_hW7cpw,UCyyBwmLwgobr9-CSU9JuX3w,THS BS PHAN ANH TUẤN OFFICIAL,Organization,GIẢI ĐÁP: Bị TIỂU ĐƯỜNG VỊ TRÍ TIÊM INSULIN NÀO hấp thụ tốt nhất #shorts #thsbsphananhtuanofficial,46,7070,2404,2023-04-15T11:51:47Z,44S,1
1u5RQjt4OQk,https://www.youtube.com/watch?v=1u5RQjt4OQk,UCY899vPkVj1sZ6uCictZXPw,Bs Thủy Triệu Official,Organization,Tiểu đường type 2 là mấy phẩy? #shorts,33,4930,1387,2023-05-15T22:30:00Z,19S,0
e0luP44dL50,https://www.youtube.com/watch?v=e0luP44dL50,UCZcqQIuWMZM5_kJYyb7sAmg,Anh tuấn Ngô,Personal,CTBNG   TIEU DUONG TYPE 2 CO NANG HON TIEU DUONG TYPE 1  VTV2   PS 27092021,1,1770,16,2021-09-10T23:39:28Z,21M43S,0
G07c_1wiZEI,https://www.youtube.com/watch?v=G07c_1wiZEI,UCgv5jN6P6SgWZzw3V7NV0aw,Dược Phẩm Hebipha Official,Organization,Sự khác nhau giữa bệnh tiểu đường type 1 và bệnh tiểu đường type 2 ? Góc nhìn từ chuyên gia,0,17300,22,2019-08-14T14:49:25Z,6M54S,0
H-EB9MTwzWc,https://www.youtube.com/watch?v=H-EB9MTwzWc,UCLBwASHY1AVvGnUeo2SnUZQ,Trung Tâm Tư Vấn Sức Khỏe,Personal,"Tiểu Đường Type 1, Type 2 đã có cách thoát khỏi",0,34,13,2020-07-31T16:10:33Z,9M39S,0
JcC4IYqDt44,https://www.youtube.com/watch?v=JcC4IYqDt44,UCxyiSz4m161Z6frOsFxJpgw,Cleveland Clinic,Personal,What Is Type 1 Diabetes?,14,678000,1573,2025-03-28T10:45:01Z,2M5S,1
-_aGeSc9rR8,https://www.youtube.com/watch?v=-_aGeSc9rR8,UCYpyOPW7z-yOBFl6aM-kQsA,Deepcare Vietnam,Personal,Đái tháo đường I Phân biệt đái tháo đường Type 1 và Type 2 I Deepcare,15,514,3066,2020-06-16T07:32:29Z,2M56S,1
gbJoSuCHJQY,https://www.youtube.com/watch?v=gbJoSuCHJQY,UCG75SX8SevalbjFtXHOoPag,Rose Garden Nutrinose,Personal,Bệnh tiểu đường loại 1 - Bệnh tiểu đường tuýp 1 - Đường ăn kiêng Nutrinose,2,24,1226,2013-01-11T02:37:23Z,2M17S,3
oWdkDnrQYTs,https://www.youtube.com/watch?v=oWdkDnrQYTs,UCB4HZL7m4x-ghBIJWEfCg5Q,Dược Sĩ Bình,Personal,Triệu Chứng Khác Nhau Giữa Đái Tháo Đường Tuýp 1 Và 2,8,14900,240,2023-08-23T10:00:42Z,42S,0
Ypl4rRBK5Ig,https://www.youtube.com/watch?v=Ypl4rRBK5Ig,UCwzhk3QSwt54eoce4bMGCCA,HIỀN ANH 1,Personal,BỆNH.TIỂU.ĐƯỜNG.TYPE1-2,48,82300,501,2022-08-17T13:00:27Z,19M7S,16
e0luP44dL50,https://www.youtube.com/watch?v=e0luP44dL50,UCZcqQIuWMZM5_kJYyb7sAmg,Anh tuấn Ngô,Personal,CTBNG   TIEU DUONG TYPE 2 CO NANG HON TIEU DUONG TYPE 1  VTV2   PS 27092021,1,1770,16,2021-09-10T23:39:28Z,21M43S,0
1X0bIIOcues,https://www.youtube.com/watch?v=1X0bIIOcues,UCmL5XFrOPUPfPznIVsUcTMA,ĐÔNG DƯỢC NESFACO,Personal,TIỂU ĐƯỜNG BEPHARIN ĐƯỢC CHUYÊN GIA KHUYÊN DÙNG TRONG VUI SỐNG MỖI NGÀY VTV3,7,11500,1004,2021-01-22T02:04:53Z,4M13S,0
XVqWgOAF-H8,https://www.youtube.com/watch?v=XVqWgOAF-H8,UCKy_GdnZlgARI2-SBL-IRbg,Chia sẻ Y học,Personal,Đái tháo đường - Điều trị Đái tháo đường type 1(ADA 2015)  - Bs Khánh (ĐH Y Huế),28,11600,2122,2016-05-24T04:36:52Z,1H41M53S,1
fsqcRnDmLq0,https://www.youtube.com/watch?v=fsqcRnDmLq0,UCbpDLkRztNMlhpvq-8SBc3Q,Bác Sĩ Gia Đình Sài Gòn - SFD,Personal,Sự khác nhau căn bản giữa bệnh đái tháo đường type 1 và type 2 là gì?,0,613,27,2024-10-22T04:08:08Z,2M10S,0
G07c_1wiZEI,https://www.youtube.com/watch?v=G07c_1wiZEI,UCgv5jN6P6SgWZzw3V7NV0aw,Dược Phẩm Hebipha Official,Organization,Sự khác nhau giữa bệnh tiểu đường type 1 và bệnh tiểu đường type 2 ? Góc nhìn từ chuyên gia,0,17300,22,2019-08-14T14:49:25Z,6M54S,0
xw_KnlUWJUs,https://www.youtube.com/watch?v=xw_KnlUWJUs,UCTx7v4bzSr1sxaQ1Xsocgjg,Mei Mei,Personal,Phân biệt ĐTĐ type 1 và type 2 - thầy Lộc,2,1080,371,2022-10-03T10:45:22Z,15M19S,0
tfZEiRlWslQ,https://www.youtube.com/watch?v=tfZEiRlWslQ,UCwzhk3QSwt54eoce4bMGCCA,HIỀN ANH 1,Personal,BỆNH/TIỂU/ĐƯỜNG/TYPE1-2( CÓ VIDEO MINH HOẠ),46,82300,905,2022-08-18T13:10:36Z,21M15S,13
4kalsJb0OHY,https://www.youtube.com/watch?v=4kalsJb0OHY,UCmL5XFrOPUPfPznIVsUcTMA,ĐÔNG DƯỢC NESFACO,Personal,Chị Type 1 uống được không em #tiểuđường #bepharin,22,11500,2015,2025-06-11T04:00:48Z,1M,0
LhwjuwhzKFc,https://www.youtube.com/watch?v=LhwjuwhzKFc,UCflLQdLuxpBslX4kvZUeWiQ,Vui khỏe mỗi ngày,Personal,Bệnh Trầm cảm - Tiểu đường type 1 | VKMN,3,249,30,2018-12-17T05:28:39Z,9M54S,0
K81rpbDzs0s,https://www.youtube.com/watch?v=K81rpbDzs0s,UComBgdbGcyGHt127eyhftnw,VIET MY ,Personal,Người bệnh tiểu đường loại 2 cần theo dõi chỉ số này !! #shorts #vietmychannel,1287,206000,80907,2023-10-31T22:00:08Z,1M,21
dExlD1LWGX8,https://www.youtube.com/watch?v=dExlD1LWGX8,UCyyBwmLwgobr9-CSU9JuX3w,THS BS PHAN ANH TUẤN OFFICIAL,Organization,Có nên TIÊM THUỐC TIỂU ĐƯỜNG trước khi đi XÉT NGHIỆM hay không #shorts #thsbsphananhtuanofficial,17,7070,1653,2023-04-22T13:21:30Z,44S,0
CCGrg40hHRM,https://www.youtube.com/watch?v=CCGrg40hHRM,UCCajCLorRj5sylL7llX0gVQ,Bác sĩ Tiến,Personal,Đái tháo đường type 2 nặng hơn type 1? #tieuduong #bacsitien #shorts,27,25800,2365,2023-08-15T12:00:07Z,59S,0
4bglF8BmzRM,https://www.youtube.com/watch?v=4bglF8BmzRM,UCkfT3P8g2fcvrxxBM3p3sHQ,Chí Công Mai,Personal,"Tiểu đường type 1, AQUADIA",0,3,20,2015-03-22T15:57:22Z,2M31S,0
6VZ4DMSyCDA,https://www.youtube.com/watch?v=6VZ4DMSyCDA,UCbXSHNop_NUvU-smlLoImng,Lương Y Nguyễn Thị Nghê - Chữa Bệnh Tiểu Đường,Personal,LƯƠNG Y NGHÊ khám cho bệnh nhân bị tiểu đường type 1,0,2820,24,2019-11-29T06:34:18Z,5M55S,0
QPLdj-9wZkk,https://www.youtube.com/watch?v=QPLdj-9wZkk,UCyyBwmLwgobr9-CSU9JuX3w,THS BS PHAN ANH TUẤN OFFICIAL,Organization,NGUYÊN NHÂN TIỂU ĐƯỜNG | GIẢI THÍCH TÌM HIỂU NGUYÊN NHÂN TIỂU ĐƯỜNG | THS BS PHAN ANH TUẤN OFFICIAL,57,7070,2148,2022-05-30T12:00:11Z,11M1S,8
gDRQw1LSymY,https://www.youtube.com/watch?v=gDRQw1LSymY,UCMnpXGMOV5Np9ExkNIcVFpA,B.S CHINH MINH - DAVIDTHANHGROUP,Personal,TIỂU ĐƯỜNG TYPE 1,0,3,0,2024-01-24T09:32:41Z,5M56S,0
F20os59O8hs,https://www.youtube.com/watch?v=F20os59O8hs,UCBMnT0HuSExz5M3erA5TvLg,BÁC SĨ TẤN VẠN PHƯỚC (DR. BONE),Personal,🔥 Tiểu Đường Tuýp 1 Ít Nguy Cơ Tim Mạch Hơn Tuýp 2? Sự Thật Gây Sốc! -Dr Bone #shorts,699,98000,676,2025-02-15T12:00:16Z,1M58S,1
h-ZzKWpXAPw,https://www.youtube.com/watch?v=h-ZzKWpXAPw,UCllIhpWjcGkYVGK0fRBDgdQ,Hàng xịn,Personal,"Sữa tiểu đường Glu Sure - MUA 3 TẶNG 1 , Gọi ngay 0243.389.9889",5,76,1386,2020-12-11T03:21:00Z,22S,1
gC9FABvA87Y,https://www.youtube.com/watch?v=gC9FABvA87Y,UCwpYXqYAVlla9N87T1V3UOw,GIÁ NHƯ,Personal,"GIÁ NHƯ - TỌA ĐÀM 30:""ĐÁI THÁO ĐƯỜNG TYPE 1 Ở NGƯỜI TRẺ TUỔI ""BẢN FULL",0,165,17,2021-09-06T04:30:32Z,1H5M28S,0
tChm3li-F8w,https://www.youtube.com/watch?v=tChm3li-F8w,UCvB-lE4-J8XPt6Cp4jXG1hg,Liva Herbal,Personal,Tiểu đường Type 1 là như thế nào? [-LIVAHERBAL-],0,696,127,2016-06-14T09:09:34Z,2M21S,0
C5IP9f-gCV4,https://www.youtube.com/watch?v=C5IP9f-gCV4,UCt7laUIoV-r6yksbe_p-6eQ,Đặng Kim Toàn Yoga Trị Liệu,Personal,"Bài tập Yoga chữa bệnh tiểu đường type 1 và 2 không lo biến chứng, bài 5 - Đặng kim toàn",9,128000,825,2022-09-15T04:22:10Z,44M16S,0
Mn0OHqm0utA,https://www.youtube.com/watch?v=Mn0OHqm0utA,UCGeNBdhabP_IeWxhS2XceBA,Aralac Milk,Personal,Đái tháo đường Type 1 có di truyền không? | Aralac Milk,8,2810,290,2022-11-14T01:13:27Z,1M25S,12
5InIiNZWCy4,https://www.youtube.com/watch?v=5InIiNZWCy4,UCjwiGB3uosuxZrsmOJ4VohA,Nghe và Ngẫm,Personal,Mật mã tiểu đường ( Phần 1: Cơn đại dịch 2. Sự khác nhau giữa tiểu đường type 1 và type 2),3,31,140,2023-04-22T16:21:20Z,14M32S,1
zWvRUcy3jNQ,https://www.youtube.com/watch?v=zWvRUcy3jNQ,UCWv6Zj_E6AG73tOr14B2kGA,Eatsy,Personal,CÁC HƯỚNG MỚI TRONG ĐIỀU TRỊ ĐÁI THÁO ĐƯỜNG TYPE I.,0,3930,11,2021-01-28T04:00:21Z,3M36S,0
DIsRQy2PAFQ,https://www.youtube.com/watch?v=DIsRQy2PAFQ,UCczEVMSDooDqVys6b85e6bA,DR TRAN,Personal,Bệnh Tiểu Đường Có Mấy Type ? - Cách Phân Biệt | Bệnh Mãn Tính | MR.KHỎE,9,231,271,2020-07-26T05:21:06Z,3M51S,0
rzw67tqQGQ4,https://www.youtube.com/watch?v=rzw67tqQGQ4,UCbXSHNop_NUvU-smlLoImng,Lương Y Nguyễn Thị Nghê - Chữa Bệnh Tiểu Đường,Personal,Bệnh tiểu đường loại 1|tiểu đường thai kỳ có nguy hiểm không,0,2820,36,2019-07-31T07:45:13Z,4M1S,0
cnZ-QTg0BmI,https://www.youtube.com/watch?v=cnZ-QTg0BmI,UC7aujb9Dpz8AE-8Kzy15otg,Lương y Nguyễn Thị Hiền - Thầy thuốc của mọi nhà,Personal,BỆNH TIỂU ĐƯỜNG TYPE1 CÓ CHỮA KHỎI KHÔNG???,0,148,17,2021-04-26T05:05:56Z,1M5S,0
-lYIN1eJr6M,https://www.youtube.com/watch?v=-lYIN1eJr6M,UCT7dr2tqFPKY4CntkCXaSsA,Bệnh tiểu đường - Lương y Nguyễn Thị Hiền,Personal,BỆNH TIỂU ĐƯỜNG TYPE1 CÓ CHỮA KHỎI KHÔNG,0,3,8,2021-05-13T08:21:11Z,1M5S,0
FP1MBagcb5A,https://www.youtube.com/watch?v=FP1MBagcb5A,UCf72ZFbg8T1FR_S_MB53c7g,KENU Info - Sức khỏe Gia đình,Personal,COVID-19 gây ra Tiểu đường như thế nào?,0,1560,217,2021-10-27T13:00:07Z,4M12S,0
M-KuPWXpCcI,https://www.youtube.com/watch?v=M-KuPWXpCcI,UCyyBwmLwgobr9-CSU9JuX3w,THS BS PHAN ANH TUẤN OFFICIAL,Organization,TẠI SAO ĂN ÍT VẪN BỊ TĂNG CÂN Ở NGƯỜI BỆNH TIỂU ĐƯỜNG | THS BS PHAN ANH TUẤN OFFICIAL,10,7070,370,2023-01-16T11:30:14Z,5M55S,3
U5CYBK8q7uk,https://www.youtube.com/watch?v=U5CYBK8q7uk,UCnVXSU-vAWOHnONbbj3iP_Q,Nga Việt,Personal,"tiểu đường type 1, type 2, AQUADIA",26,45,6158,2013-03-20T08:46:15Z,2M31S,5
227EZGlgUwM,https://www.youtube.com/watch?v=227EZGlgUwM,UCDE3P9veS8tn4qHdzEFvWbQ,HEALTHY BITES DAILY,Personal,Bệnh tiểu đường là gì? và cách phòng tránh hiệu quả | bệnh đái tháo đường,2,19200,126,2021-07-14T12:52:13Z,4M36S,1
_Cb4zINN8Z0,https://www.youtube.com/watch?v=_Cb4zINN8Z0,UCS6QpUbYMWSeYGcr2nSNReA,Tào Hậu,Personal,"Buổi 68/100: Thấu hiểu sức khoẻ dinh dưỡng - Tiểu đường type 1, 2",0,268,44,2025-02-18T16:55:51Z,49M54S,0
oybCkTsYC6c,https://www.youtube.com/watch?v=oybCkTsYC6c,UCAgehYjUxNc7vHpf3F06mXQ,Video AloBacsi,Personal,"Loãng xương ở người bệnh tiểu đường, làm sao nhận diện? | ThS.BS.CK2 Mai Duy Linh",16,1650000,1282,2023-08-08T12:31:03Z,17M58S,0
nn8J6HGtW9w,https://www.youtube.com/watch?v=nn8J6HGtW9w,UCbelYNCPMWLERMw9fvF1Hyw,Học Y Cùng Tui,Personal,"[UPDATE2023] ĐÁI THÁO ĐƯỜNG TYPE 1 - TRIỆU CHỨNG, CHẨN ĐOÁN, NGUYÊN TẮC ĐIỀU TRỊ",3,2960,73,2023-12-01T10:29:01Z,2H38M25S,0
oTObxd-ApOg,https://www.youtube.com/watch?v=oTObxd-ApOg,UCIh3oFRVVdp0ADYytOpTiUA,Vietduc duoc,Personal,Nguyên nhân  triệu chứng bệnh đái tháo đường type 1 và type 2,1,996,550,2014-03-19T08:44:27Z,3M40S,0
qQppW68_LqA,https://www.youtube.com/watch?v=qQppW68_LqA,UC6K8hdDjICkpirLc2QlnYxQ,Nga Vo,Personal,"Bệnh tiểu đường type 2: Nguyên nhân, biến chứng và phòng bệnh",2,1100,28,2020-05-27T03:44:13Z,9M21S,0
Ehcz5VNs3Yg,https://www.youtube.com/watch?v=Ehcz5VNs3Yg,UCwpYXqYAVlla9N87T1V3UOw,GIÁ NHƯ,Personal,"CÂU HỎI TĐ GIÁ NHƯ SỐ 30: ""BN ĐTĐ TYPE 1 ĐAU ĐẦU, HỐC MẮT, CÓ PHẢI BIẾN CHỨNG BỆNH?""",0,165,1,2021-09-06T04:34:27Z,1M18S,0
p25MtM_i730,https://www.youtube.com/watch?v=p25MtM_i730,UC6DnHwhZi-TTKnUiEkU-HDQ,Hệ Thống Sản Phẩm Khoa Học Viện CN Thực Phẩm,Personal,ĐƯỜNG AN FIRI - Các biến chứng nguy hiểm của tiểu đường và tư vấn liều dùng phù hợp,2,199,100,2020-06-02T01:31:41Z,6M54S,1
ct4aNBCfeN4,https://www.youtube.com/watch?v=ct4aNBCfeN4,UCvQdeOPf0LBXZUOp55Z7bdQ,Mary Comeau,Personal,My PDM keeps dying on me 😤 #t1d #typeonediabetes #diabetes #omnipod #youtubeshorts,0,1050000,237196,2025-07-16T23:45:03Z,57S,110
Xq4qMStumzU,https://www.youtube.com/watch?v=Xq4qMStumzU,UCwpYXqYAVlla9N87T1V3UOw,GIÁ NHƯ,Personal,"CÂU HỎI TĐ GIÁ NHƯ SỐ 30:""BN ĐTĐ TYPE 1 NÊN DÙNG PHƯƠNG PHÁP NÀO ĐỂ TRÁNH THAI?""",0,165,0,2021-09-06T04:33:33Z,3M45S,0
-YoiITOfTeY,https://www.youtube.com/watch?v=-YoiITOfTeY,UCPmJE4hKb9l120G0Mx_kWag,b da,Personal,giải pháp cho người tiểu đường type1- type2,0,0,1,2021-04-22T08:42:49Z,4M35S,0
RLRyai0E5QA,https://www.youtube.com/watch?v=RLRyai0E5QA,UCp6mBHzWMjnGr7Bi9jDG9mQ,Quang Huy,Personal,Cách trị TIỂU ĐƯỜNG TYPE 2 đơn giản nhất!!,0,30,5,2024-09-07T16:00:44Z,4M1S,0
jSOMJ7Vr6FE,https://www.youtube.com/watch?v=jSOMJ7Vr6FE,UCSbI2mPWnoAeElYtMSRX0Ow,Dược Sĩ Gia Đình,Personal,3 Sai Lầm Thường Gặp Trong Điều Trị Tiểu Đường,5,230,23,2024-04-16T07:57:20Z,4M11S,1
Fw7Vsncg_aA,https://www.youtube.com/watch?v=Fw7Vsncg_aA,UC5MkhMFYJKgsY0x7Hl6nIyA,Annhienvg,Personal,Tiểu đường tuýp 2 là gì? Tiểu đường tuýp 1 là gì?,2,415,64,2025-07-30T01:45:03Z,8M,0
zciWE8RxaLo,https://www.youtube.com/watch?v=zciWE8RxaLo,UCmL5XFrOPUPfPznIVsUcTMA,ĐÔNG DƯỢC NESFACO,Personal,Type 1 và type 2 cái nào nặng hơn #bepharin #tiểuđường #apharin 0866.626.768 có zalo,14,11500,689,2025-01-23T01:53:03Z,1M25S,0
oLbJFQ2w1tM,https://www.youtube.com/watch?v=oLbJFQ2w1tM,UCbASh_T7D9xeezVtyiKt6CA,Khanh Duong,Personal,Video 9 _ Phát đồ điều trị đái tháo đường type 2 của ADA,942,78900,65398,2023-02-24T06:19:52Z,1H37M27S,50
JfwadrYPpUY,https://www.youtube.com/watch?v=JfwadrYPpUY,UCAgehYjUxNc7vHpf3F06mXQ,Video AloBacsi,Personal,Ngày Đái tháo đường Thế giới 14/11: Chăm sóc và kiểm soát đái tháo đường type 1 ở trẻ em,4,1650000,499,2023-11-14T04:00:07Z,14M43S,0
9NMEHD-kn58,https://www.youtube.com/watch?v=9NMEHD-kn58,UCwpYXqYAVlla9N87T1V3UOw,GIÁ NHƯ,Personal,"CÂU HỎI TĐ GIÁ NHƯ SỐ 30: ""BỆNH ĐTĐ TYPE 1 CÓ THỂ CHUYỂN QUA UỐNG THUỐC?""",0,165,0,2021-09-06T04:41:40Z,2M13S,0
Ug5PsQv1xuA,https://www.youtube.com/watch?v=Ug5PsQv1xuA,UCeqdeIWHqCoD2jaT1YpvSOg,ZEN VN,Personal,Phân biệt tiểu đường tuýp 1 và tiểu đường tuýp 2,0,11500,66,2022-08-28T04:30:04Z,2M34S,0
HnMzGjyPqVA,https://www.youtube.com/watch?v=HnMzGjyPqVA,UCB4HZL7m4x-ghBIJWEfCg5Q,Dược Sĩ Bình,Personal,Bệnh Tiểu Đường Là Gì,1,14900,180,2023-08-20T02:00:12Z,40S,0
tPdMlhKCba8,https://www.youtube.com/watch?v=tPdMlhKCba8,UCm20vZSKF5kamgM3qXbioiA,YF-K47 Nguyễn Nhật Minh,Personal,1  ĐÁI THÁO ĐƯỜNG TYPE 1 - HN 2023,0,133,5,2025-05-21T16:42:01Z,6M32S,0
rZnGTZZaeG4,https://www.youtube.com/watch?v=rZnGTZZaeG4,UCSlOUJFtnuwg37jIXOdSFCg,Khí Công Nghiệp 263,Personal,BỆNH TIỂU ĐƯỜNG TUÝP 1 LÀ GÌ ? // Khí Công Nghiệp 263,2,857,534,2021-03-27T02:09:09Z,1M4S,0
JQEE_qjeZ2g,https://www.youtube.com/watch?v=JQEE_qjeZ2g,UCM0vbODc82L5yKocmZ_HNcA,Dr CƯỜNG - Cậy Tâm Đường Nghệ An,Personal,ADA 2015: VIDEO 3 - Điều trị Đái tháo đường type 1,0,282,6,2023-01-28T11:33:02Z,1H41M43S,0
hmSaSe_dgA0,https://www.youtube.com/watch?v=hmSaSe_dgA0,UCyyBwmLwgobr9-CSU9JuX3w,THS BS PHAN ANH TUẤN OFFICIAL,Organization,BẠN CÓ BIẾT BỆNH TIỂU ĐƯỜNG CÓ BAO NHIÊU LOẠI #shorts #thsbsphananhtuanofficial  #tieuduong,12,7070,245,2023-08-27T11:30:28Z,36S,0
x6w05I_xDWA,https://www.youtube.com/watch?v=x6w05I_xDWA,UCYHzHDXngnB7jkmcQgXwE0w,Hello Bacsi,Personal,Trẻ mắc bệnh đái tháo đường type 1 tăng,2,4950,124,2024-08-29T14:00:59Z,57S,0
nY2rUSMQyyI,https://www.youtube.com/watch?v=nY2rUSMQyyI,UCKEaz2zAUotAMW2MQ8T2_Zw,Tieuduong Asia,Personal,Tiểu Đường Tuýp 1 Là Gì?,3,243,167,2019-07-20T07:50:30Z,2M5S,0
pMTQFoqLUSk,https://www.youtube.com/watch?v=pMTQFoqLUSk,UC3t62pgb20JHXkK_IQvFA9g,DR. SHARE,Personal,ADA - Video 3: Điều trị Đái tháo đường type 1,19,18600,784,2015-01-15T14:37:06Z,1H41M43S,18
uEF8zLIDB_I,https://www.youtube.com/watch?v=uEF8zLIDB_I,UCp6mBHzWMjnGr7Bi9jDG9mQ,Quang Huy,Personal,Cách trị TIỂU ĐƯỜNG TYPE 2 đơn giản nhất!!,3,30,142,2024-09-07T16:05:59Z,41S,0
6G1O9_xixbQ,https://www.youtube.com/watch?v=6G1O9_xixbQ,UCEy_yfOwqWEQC-tTUa5O2tw,MUA AN TOÀN,Personal,Bệnh tiểu đường tuýp(type) 1 - tuýp 2 là gì? Có nguy hiểm không?,8,961,88,2020-03-29T10:06:58Z,5M50S,0
hMrFv0dOC_g,https://www.youtube.com/watch?v=hMrFv0dOC_g,UCAZkb0cOlIpdd1qQNiSeOoA,Sức khỏe và cuộc sống,Personal,Tiểu đường type 2 có chữa được không #tieuduong #tieuduongtuyp2 #daithaoduong #suckhoe #Bacsihuyen,1,233,36,2024-08-01T00:00:30Z,52S,0
4VZMlCcgV7A,https://www.youtube.com/watch?v=4VZMlCcgV7A,UCh4APcDz4HjbiAKCjRqIf4Q,Juliet Store NL,Personal,🔴[CHÍNH HÃNG] HERBAL GLUCOACTIVE ĐẬP TAN NỖI LO TIỂU ĐƯỜNG ỔN ĐỊNH ĐƯỜNG HUYẾT TYPE 1&2 HỘP 30 VIÊN.,3,1200,412,2021-09-09T04:27:45Z,23S,3
U_LmADm4aAQ,https://www.youtube.com/watch?v=U_LmADm4aAQ,UCKEaz2zAUotAMW2MQ8T2_Zw,Tieuduong Asia,Personal,Bệnh Tiểu Đường Tuýp 1 Là Gì?,27,243,236,2019-07-17T10:04:42Z,4M35S,4
Ugai90ZMWI0,https://www.youtube.com/watch?v=Ugai90ZMWI0,UCDYBoHKSJRywQ4kPytx3G-A,Sức Khỏe 1001,Personal,Người Bệnh Tiểu Đường Khi Nào Cần Tiêm Insulin ? Đây Là Câu Trả Lời Ai Cũng Phải Biết Sớm,27,103000,2955,2021-10-17T10:45:00Z,12M41S,1
dAN6iy0IEzo,https://www.youtube.com/watch?v=dAN6iy0IEzo,UC-c1TX2LiWJmhm6duI5Rd-w,BÁC SĨ TRẦN MINH OFFICIAL,Organization,5 Thực Phẩm Người Bị Tiểu Đường Hạn Chế Dùng Trong Dịp Tết | Bác Sĩ Trần Minh,77,261000,1196,2024-02-13T12:00:12Z,1M37S,5
bYdr90NsanM,https://www.youtube.com/watch?v=bYdr90NsanM,UCyyBwmLwgobr9-CSU9JuX3w,THS BS PHAN ANH TUẤN OFFICIAL,Organization,BỊ TIỂU ĐƯỜNG NÊN ĂN ÍT HAY NHIỀU LẦN TRONG 1 NGÀY | THS BS PHAN ANH TUẤN OFFICIAL,7,7070,334,2023-01-12T11:30:20Z,7M55S,3
xv3GyO41QfM,https://www.youtube.com/watch?v=xv3GyO41QfM,UCp6mBHzWMjnGr7Bi9jDG9mQ,Quang Huy,Personal,Cách trị TIỂU ĐƯỜNG TYPE 2 đơn giản nhất!!,0,30,5,2024-09-07T16:04:10Z,37S,0
QGXTm2FIN1A,https://www.youtube.com/watch?v=QGXTm2FIN1A,UCkbemLDQ3Uq4kiKSBkYCRKA,Bác sĩ Enter,Personal,Bệnh tiểu đường #BenhTieuDuong #TieuDuong #DaiThaoDuong #KiemSoatDuongHuyet #Insulin,7,219,43,2025-06-20T00:00:34Z,4M57S,2
rV1JcfR5y_k,https://www.youtube.com/watch?v=rV1JcfR5y_k,UC1t9OlIDnekc_Krkoa3tKTA,Sức Khỏe Dồi Dào Dự án,Personal,Cơ chế bệnh đái tháo đường type 1,2,29,230,2017-10-10T08:59:02Z,2M13S,0
fGtF8TYbaSA,https://www.youtube.com/watch?v=fGtF8TYbaSA,UCB4HZL7m4x-ghBIJWEfCg5Q,Dược Sĩ Bình,Personal,Đái Tháo Đường Type 1 Và Cách Kiểm Soát Đường Huyết Hàng Ngày,1,14900,27,2023-10-01T11:04:03Z,9M46S,0
F0kaAdsdqhY,https://www.youtube.com/watch?v=F0kaAdsdqhY,UCfgw6-NLfuzQ20yuSBBl-ow,乐于助仁写字,Personal,"Nguyên nhân, triệu chứng Đái tháo đường Typ 1",5,1480,2924,2021-11-01T00:06:02Z,11M2S,0
mL7EeFCi-cQ,https://www.youtube.com/watch?v=mL7EeFCi-cQ,UCbpDLkRztNMlhpvq-8SBc3Q,Bác Sĩ Gia Đình Sài Gòn - SFD,Personal,Câu hỏi mọi người luôn quan tâm là bệnh tiểu đường type 2 có điều trị khỏi hay không?,1,613,23,2024-09-30T03:46:35Z,7M18S,0
ma65jWs08VU,https://www.youtube.com/watch?v=ma65jWs08VU,UCt7laUIoV-r6yksbe_p-6eQ,Đặng Kim Toàn Yoga Trị Liệu,Personal,"Bài tập Yoga chữa bệnh tiểu đường type 1 và 2 không lo biến chứng, bài 1 - Đặng kim toàn",27,128000,2109,2022-09-09T01:28:00Z,47M47S,2
SYpP-NCLfvY,https://www.youtube.com/watch?v=SYpP-NCLfvY,UC-HrsAwNy1PinPWiNnY7dSw,Dr Huyền Vũ,Personal,ADA2015 ( Phần 3) Điều trị Đái Tháo đường type 1,7,358,115,2019-04-08T02:41:30Z,1H41M43S,0
BkK53eR34ZM,https://www.youtube.com/watch?v=BkK53eR34ZM,UCt7laUIoV-r6yksbe_p-6eQ,Đặng Kim Toàn Yoga Trị Liệu,Personal,"Bài tập Yoga chữa bệnh tiểu đường type 1 và 2 không lo biến chứng, bài 2 - Đặng kim toàn",12,128000,1404,2022-09-10T23:46:54Z,43M49S,6
Ud7dH1ievIo,https://www.youtube.com/watch?v=Ud7dH1ievIo,UCmL5XFrOPUPfPznIVsUcTMA,ĐÔNG DƯỢC NESFACO,Personal,BEPHARIN - TIỂU ĐƯỜNG TYPE 2 LÀ GÌ?,3,11500,64,2019-05-31T08:09:15Z,3M36S,2
oFwjFEcbKak,https://www.youtube.com/watch?v=oFwjFEcbKak,UC5N9FsB7ZGEHyeb5Pa1bjjQ,Dược Sĩ Lan,Personal,"Người bị tiểu đường ăn uống như thế nào để ĐƯỜNG HUYẾT ỔN ĐỊNH, tránh biến chứng – 90% đang ăn sai",34,131000,788,2024-02-28T12:03:27Z,7M5S,2
qpbZr_wdkc4,https://www.youtube.com/watch?v=qpbZr_wdkc4,UCbXSHNop_NUvU-smlLoImng,Lương Y Nguyễn Thị Nghê - Chữa Bệnh Tiểu Đường,Personal,bệnh tiểu đường có nguy hiểm không|đái tháo đường type 2,0,2820,33,2019-07-31T07:38:54Z,4M37S,0
OhlFgcWeckU,https://www.youtube.com/watch?v=OhlFgcWeckU,UCyyBwmLwgobr9-CSU9JuX3w,THS BS PHAN ANH TUẤN OFFICIAL,Organization,BIỂU HIỆN BỆNH TIỂU ĐƯỜNG VÀ CÁC DẤU HIỆU CẢNH BÁO CẦN HẾT SỨC LƯU Ý | THS BS PHAN ANH TUẤN OFFICIAL,68,7070,4485,2022-06-01T12:25:48Z,6M48S,5
ZDS0WYjCPs0,https://www.youtube.com/watch?v=ZDS0WYjCPs0,UCyyBwmLwgobr9-CSU9JuX3w,THS BS PHAN ANH TUẤN OFFICIAL,Organization,BỐ MẸ BẠN CÓ KHIẾN BẠN BỊ TIỂU ĐƯỜNG HAY KHÔNG #shorts #thsbsphananhtuanofficial #tieuduong,14,7070,254,2023-08-20T11:30:22Z,39S,0
TVzvU8Dzexg,https://www.youtube.com/watch?v=TVzvU8Dzexg,UCdVk3iGoNFUN3bfesWSqUGA,Y KHOA BẾN TRE ,Personal,Phân biệt ĐTĐ type 1 và ĐTĐ type 2,3,9620,89,2021-10-06T10:05:52Z,2M8S,0
ZVyGdOSI2wY,https://www.youtube.com/watch?v=ZVyGdOSI2wY,UCmL5XFrOPUPfPznIVsUcTMA,ĐÔNG DƯỢC NESFACO,Personal,Tiểu đường type 1 và tiểu đường type 2 #tiểuđường #bepharin #apharin,5,11500,545,2025-02-21T07:08:19Z,1M14S,0
5uTRiZfptYY,https://www.youtube.com/watch?v=5uTRiZfptYY,UCkOvP5GlrnojdLe_GtioX1w,Hiếu Đình GroupX ,Personal,Giờ mới hiểu về những người bị tiểu đường  #shorts #healthy #gymmotivation,20,3630,1485,2023-03-29T01:10:16Z,1M1S,0
X34G94rQkvo,https://www.youtube.com/watch?v=X34G94rQkvo,UC5-Czyg9I1c__fSE68x2U0A,DS Pham Hoai Anh,Personal,Xét nghiệm đái tháo đường type I (type I diabetes test),8,547,322,2022-05-01T04:25:02Z,5M30S,3
pUAMMfpwDSA,https://www.youtube.com/watch?v=pUAMMfpwDSA,UCp6mBHzWMjnGr7Bi9jDG9mQ,Quang Huy,Personal,Cách trị TIỂU ĐƯỜNG TYPE 2 đơn giản nhất!!,0,30,6,2024-09-07T16:07:09Z,23S,0
TvwAM3TjhNU,https://www.youtube.com/watch?v=TvwAM3TjhNU,UCLTmZ5EwvqNkiHZ4_h_dA7Q,alo bac si nguyen,Personal,TIỂU ĐƯỜNG TYPE I vs TIỂU ĐƯỜNG TYPE II #daucotsong #thoaihoadotsong #alobacsinguyen #thoatvidiadem,4,412,175,2024-08-28T01:26:46Z,57S,0
JE7CBOMHEJs,https://www.youtube.com/watch?v=JE7CBOMHEJs,UCYdXT2Xz944Nd_7uemycpzw,SBTN ÚC CHÂU,Personal,Sống Vui Sống Khoẻ: BỆNH TIỂU ĐƯỜNG LOẠI 2 Phần 2,6,19100,1886,2014-10-29T06:05:33Z,30M34S,1
PH6igR1u8aY,https://www.youtube.com/watch?v=PH6igR1u8aY,UCyyBwmLwgobr9-CSU9JuX3w,THS BS PHAN ANH TUẤN OFFICIAL,Organization,5 LOẠI THỰC PHẨM DỄ BỊ TIỂU ĐƯỜNG #shorts #thsbsphananhtuanofficial,16,7070,594,2023-09-10T11:30:10Z,33S,1
Uxx6rL5qEDs,https://www.youtube.com/watch?v=Uxx6rL5qEDs,UC1H5_hi89GTAhEkN1Kk2xYA,Pháp Luật TP.HCM Online PLO,Personal,Clip tư vấn: Chế độ dinh dưỡng cho trẻ bị tiểu đường type 1 - plo.vn,2,51400,138,2014-12-17T09:24:07Z,6M32S,0
0BiHfwPHtLc,https://www.youtube.com/watch?v=0BiHfwPHtLc,UCC4Dc3-m0gv_yPljklvpmdQ,Liên Hương - Sức Khỏe Vàng,Personal,3 TYPE Tiểu Đường | Liên Hương  #shots,2,226,32,2024-03-24T14:29:22Z,47S,0
AAp8o7dEI0s,https://www.youtube.com/watch?v=AAp8o7dEI0s,UCwpYXqYAVlla9N87T1V3UOw,GIÁ NHƯ,Personal,"CÂU HỎI TĐ GIÁ NHƯ SỐ 30: "" BN ĐTĐ TYPE 1 CÓ CHỈ SỐ AXIT URIC CAO, CẦN LÀM GÌ ĐỂ CẢI THIỆN?""",0,165,0,2021-09-06T04:35:55Z,1M28S,0
ESX0tulBbRc,https://www.youtube.com/watch?v=ESX0tulBbRc,UCKEaz2zAUotAMW2MQ8T2_Zw,Tieuduong Asia,Personal,Nguyên nhân của bệnh tiểu đường và cách điều trị,4,243,51,2020-07-23T06:52:24Z,25M29S,2
Y0rwxS9BwQQ,https://www.youtube.com/watch?v=Y0rwxS9BwQQ,UCp6mBHzWMjnGr7Bi9jDG9mQ,Quang Huy,Personal,Cách trị TIỂU ĐƯỜNG TYPE 2 đơn giản nhất!!,1,30,4,2024-09-07T16:10:34Z,19S,0
whEXHrcP90Y,https://www.youtube.com/watch?v=whEXHrcP90Y,UCp6mBHzWMjnGr7Bi9jDG9mQ,Quang Huy,Personal,Cách trị TIỂU ĐƯỜNG TYPE 2 đơn giản nhất!!,0,30,2,2024-09-07T16:09:52Z,23S,0
HDUFZLgkWOs,https://www.youtube.com/watch?v=HDUFZLgkWOs,UCDYBoHKSJRywQ4kPytx3G-A,Sức Khỏe 1001,Personal,Bệnh Tiểu Đường Loại Nào Nguy Hiểm Nhất ? Đây Là Lời Khuyên Của Chuyên Gia Người Bệnh Cần Cảnh Giác,11,103000,1047,2020-11-06T00:00:05Z,11M40S,1
DiWFyUUo2AI,https://www.youtube.com/watch?v=DiWFyUUo2AI,UCC_7VYyBX-mKKgPntUx4IYw,VTC14 GREEN,Personal,Đái tháo đường: Hiểu nguy cơ - biết hành động |VTC14 GREEN,0,2360,12,2023-11-15T05:04:42Z,11M22S,0
OUrBZ8_pegw,https://www.youtube.com/watch?v=OUrBZ8_pegw,UCuNL7rfACenbBefX-4znyGA,Lập Phạm Đức,Personal,Hiểu về bệnh tiểu đường trong 5 phút | Whiteboard Infographic | meclip.vn,1,19100,126,2021-04-22T02:18:37Z,5M21S,0
c3NV7lHMx4A,https://www.youtube.com/watch?v=c3NV7lHMx4A,UC5N9FsB7ZGEHyeb5Pa1bjjQ,Dược Sĩ Lan,Personal,"5 người trong nhà cùng mắc tiểu đường, nhìn thực đơn bác sĩ hiểu ngay, tỉ lệ mắc bệnh là 100%",28,131000,1494,2024-10-14T12:00:17Z,8M14S,3
jhDJy4yCAQ0,https://www.youtube.com/watch?v=jhDJy4yCAQ0,UCiXk-s2Q1VBjnQGsJ0jbTmg,My Nhung Yoga Trị Liệu ,Personal,5 Lỗi ăn sáng người tiểu đường cần tránh #lốisốnglànhmạnh #tieuduong,9,414,2869,2025-08-07T04:27:35Z,12S,0
WOKb8Qztkxw,https://www.youtube.com/watch?v=WOKb8Qztkxw,UCmL5XFrOPUPfPznIVsUcTMA,ĐÔNG DƯỢC NESFACO,Personal,Tiểu đường type 2 uống thuốc gì? #tieuduong #nguyencongduc #shortvideo,5,11500,195,2024-06-14T09:15:03Z,54S,0
e0RH1NoLLtQ,https://www.youtube.com/watch?v=e0RH1NoLLtQ,UCajEfvBOPrAF5SluNYOom0w,kimsu huynh,Personal,Ca lâm sàng đái tháo đường typ 1,1,11,154,2020-08-04T09:13:57Z,20M27S,0
7rXbCCg-Vnw,https://www.youtube.com/watch?v=7rXbCCg-Vnw,UCyjm31tIOB87YJEWlQyedkQ,totrinhd2t,Personal,tiểu đường type 2,0,4,4,2024-12-04T16:27:46Z,1H14M46S,0
sJEe0s4X_DU,https://www.youtube.com/watch?v=sJEe0s4X_DU,UCDLhNWWQeFZep0eh_1VDVLQ,Emma Pham Kitchen,Personal,SÁCH CHỮA KHỎI BỆNH TIỂU ĐƯỜNG VÀ BỮA ĂN PHỤ,965,267000,73627,2021-11-09T11:21:52Z,10M16S,146
gaWORDUXEh4,https://www.youtube.com/watch?v=gaWORDUXEh4,UCpjYlo2NGsmoY8-b9dj4diA,Marek Skoczylas,Personal,87% cukrzyków WYLECZONYCH 😲! Leki nie miały szans.,4249,1120000,97324,2025-08-06T13:45:12Z,3M,52
NlAExDiwf7Q,https://www.youtube.com/watch?v=NlAExDiwf7Q,UCDYBoHKSJRywQ4kPytx3G-A,Sức Khỏe 1001,Personal,Chế Độ Ăn Chuẩn Nhất Dành Cho Người Tiểu Đường Tuyp 1 Người Bệnh Phải Biết Nếu Muốn Sống Thọ Hơn,20,103000,3724,2021-04-03T10:02:34Z,13M40S,1
_WK9ZfMDyhA,https://www.youtube.com/watch?v=_WK9ZfMDyhA,UCSCcR7ckfyA169MWg6PrNbA,Ths Ds Trần Thị Nhung,Personal,#tiểuđường Triệu chứng của ĐTĐ type 1 và 2 . Bộ sản phẩm giúp bệnh nhân có cơ hội bỏ thuốc tây,2,30000,47,2023-08-16T10:11:43Z,12M31S,2
4h15YpIpk_w,https://www.youtube.com/watch?v=4h15YpIpk_w,UCTlZx0LcdlMXrDD-vpFyW_w,Minhanh Lê,Personal,Điều trị đái tháo đường type 1 cô Thuý (DLS ĐT),0,30,29,2025-02-25T10:18:27Z,43M57S,0
R9X31d-6rZc,https://www.youtube.com/watch?v=R9X31d-6rZc,UC-DBvuODYky4tAimLSEHZUQ,THUỐC TỐT 24H,Personal,Tìm hiểu về bệnh tiểu đường tuyp 1 và tuyp 2,0,442,1263,2018-05-26T14:11:24Z,3M40S,0
IBRZ3z2RAVc,https://www.youtube.com/watch?v=IBRZ3z2RAVc,UCYO8RPtaJnD2bxC8CZl1_PA,Dr Ngọc Official ,Organization,Trái Cây Dành Cho Người Bị Tiểu Đường | Dr Ngọc,385,1310000,21770,2024-03-28T09:00:07Z,7M23S,88
7IYV7WGmFG4,https://www.youtube.com/watch?v=7IYV7WGmFG4,UC-c1TX2LiWJmhm6duI5Rd-w,BÁC SĨ TRẦN MINH OFFICIAL,Organization,CHỈ SỐ ĐƯỜNG HUYẾT CAO không nên ăn những thực phẩm này | Bác Sĩ Trần Minh,104,261000,2851,2024-05-14T05:00:07Z,1M28S,8
1UNg47FkedM,https://www.youtube.com/watch?v=1UNg47FkedM,UCY2tka3CeQCfqKZbLVXAQBg,Dược Sĩ Nguyên 5G,Personal,BỆNH TIỂU ĐƯỜNG: HIỂU VÀ PHÒNG NGỪA BỆNH TIỂU ĐƯỜNG TYPE 1 VÀ TYPE 2#DuocsiNguyen5G #Tieuduong,4,4790,336,2024-07-19T17:56:51Z,1H3S,0
eY8MlK0yXrU,https://www.youtube.com/watch?v=eY8MlK0yXrU,UCPN9Ox7sOYr_kKtO59RtkZw,Khỏe Tự Nhiên Đỗ Ngọc Diệp,Personal,5 bước NHẬN BIẾT SỚM dấu hiệu tiểu đường | Đỗ Ngọc Diệp,5,22100,223,2023-08-02T13:00:07Z,8M23S,1
nMDb6mXT-rk,https://www.youtube.com/watch?v=nMDb6mXT-rk,UCM9I-aFPJof-u4g0YXMkDLA,Dược Liệu Pù Mát,Personal,Trà thảo dược cho người tiểu đường#tieuduong #tratuiloc #daythiacanh #duoclieupumat,0,64,11,2025-02-07T11:59:08Z,49S,0
nGv1R-kpYtc,https://www.youtube.com/watch?v=nGv1R-kpYtc,UCAohH07tUJop3u4enjyR8cQ,SÁCH Y KHOA CAO TRẦN,Personal,"Đái tháo đường tuýp 1, Diabetes Mellitus Type 1",0,76,169,2023-01-05T08:45:00Z,6M24S,0
_5mzwo5PCzg,https://www.youtube.com/watch?v=_5mzwo5PCzg,UC7JCm61YJ446a3yFyeK-kMg,Quang Ngo,Personal,ĐTĐ type 1 và DKA,2,53,66,2024-08-03T16:22:18Z,2H15M9S,0
hzRvfIb7QbA,https://www.youtube.com/watch?v=hzRvfIb7QbA,UCDYBoHKSJRywQ4kPytx3G-A,Sức Khỏe 1001,Personal,Người Tiểu Đường Mỗi Ngày Uống Nước 1 Nắm Hạt Này 1 Tuần Sau Đường Huyết Ổn Định Ngay Xuống 6.5,46,103000,8282,2020-10-30T00:00:09Z,13M36S,6
jdOOGhcovVg,https://www.youtube.com/watch?v=jdOOGhcovVg,UCM9I-aFPJof-u4g0YXMkDLA,Dược Liệu Pù Mát,Personal,Gợi ý 4 cách hạ đường huyết ngay tại nhà dễ thực hiện   #duoclieu  #tieuduong    #duoclieupumat,7,64,2836,2025-05-20T02:28:53Z,43S,0
DJLG20F5LZg,https://www.youtube.com/watch?v=DJLG20F5LZg,UCyyBwmLwgobr9-CSU9JuX3w,THS BS PHAN ANH TUẤN OFFICIAL,Organization,5 NGUY HIỂM CỦA BỆNH TIỂU ĐƯỜNG MÀ BẠN CẦN BIẾT #shorts #thsbsphananhtuanofficial #tieuduong,15,7070,297,2023-08-26T11:30:10Z,41S,0
TlhhbkufDyU,https://www.youtube.com/watch?v=TlhhbkufDyU,UCDYBoHKSJRywQ4kPytx3G-A,Sức Khỏe 1001,Personal,5 Mẹo Ăn Uống Giúp Bệnh Tiểu Đường Cả Đời Không Lo Biến Chứng Ai Cũng Cần Biết Để Sống Thọ Hơn,56,103000,9409,2020-12-23T10:04:13Z,12M18S,1
58U--2qURLI,https://www.youtube.com/watch?v=58U--2qURLI,UCyyBwmLwgobr9-CSU9JuX3w,THS BS PHAN ANH TUẤN OFFICIAL,Organization,THỜI GIAN ĂN TRÁI CÂY Ở NGƯỜI BỊ TIỂU ĐƯỜNG | THS BS PHAN ANH TUẤN OFFICIAL,33,7070,1030,2022-07-31T12:00:05Z,6M50S,6
F14hfpWsCeA,https://www.youtube.com/watch?v=F14hfpWsCeA,UCyyBwmLwgobr9-CSU9JuX3w,THS BS PHAN ANH TUẤN OFFICIAL,Organization,6 NHÓM NGƯỜI CÓ NGUY CƠ BỊ TIỂU ĐƯỜNG CAO #shorts #thsbsphananhtuanofficial,16,7070,459,2023-09-09T11:30:03Z,39S,1
qPIKBYWuBKo,https://www.youtube.com/watch?v=qPIKBYWuBKo,UCmL5XFrOPUPfPznIVsUcTMA,ĐÔNG DƯỢC NESFACO,Personal,Chị tiểu đường type 1 uống được không #bepharin #tiểuđường #apharin,7,11500,411,2025-02-11T00:38:06Z,53S,0
Jcn0dEim7MU,https://www.youtube.com/watch?v=Jcn0dEim7MU,UCgSq1NmpzKJ4HcKy3SQcX-Q,PGS. TS. Nguyễn Văn Chi,Personal,PGS.TS. Nguyễn Văn Chi | TIỂU ĐƯỜNG TYPE-2 đến từ cốc... TRÀ SỮA? | Rubik Sức Khoẻ 08/7/2025,1,26,117,2025-07-31T15:18:25Z,12M41S,0
-fRJRWbS_mk,https://www.youtube.com/watch?v=-fRJRWbS_mk,UCZRUrG90OcM54Sl-gkHdpFQ,Bác Sĩ Tiểu Đường,Personal,2 Cách ĂN UỐNG Đẩy Lùi BỆNH TIỂU ĐƯỜNG TYPE 2 TẬN GỐC Hiệu Quả Chỉ Sau 1 Tháng!,494,16300,22047,2025-08-05T12:20:49Z,25M54S,78
oUx78R6SmLc,https://www.youtube.com/watch?v=oUx78R6SmLc,UCvQdeOPf0LBXZUOp55Z7bdQ,Mary Comeau,Personal,LOW BLOOD SUGAR snack haul 🍬 #t1d #typeonediabetes #lowbloodsugar #diabetes #youtubeshorts,0,1050000,1609552,2025-07-04T21:06:58Z,1M21S,289
ELCeNhuTzlA,https://www.youtube.com/watch?v=ELCeNhuTzlA,UCyRAeukwkfo2S1i7Rthq8vw,ĐÀO TẠO ĐẠI LÝ TĨNH SÁNG ĐƯỜNG,Personal,CƠ CHẾ GÂY RA BỆNH TIỂU ĐƯỜNG LÀ NHƯ THẾ NÀO ?  | ĐÀO TẠO ĐẠI LÝ TĨNH SÁNG ĐƯỜNG,1,49,41,2025-03-30T13:48:19Z,12M6S,0
jBdv0GhofLI,https://www.youtube.com/watch?v=jBdv0GhofLI,UCyyBwmLwgobr9-CSU9JuX3w,THS BS PHAN ANH TUẤN OFFICIAL,Organization,"Tại sao bệnh tiểu đường cần phải tập đọc ""ABC"" #shorts #thsbsphananhtuanofficial",22,7070,1419,2023-09-16T11:30:26Z,40S,0
0QwyUSN9t-c,https://www.youtube.com/watch?v=0QwyUSN9t-c,UC97CCddXHZUt2T_p94tZlcg,Trang Thai thi thuy,Personal,CĐ duoc lam sang  dai thao duong type 1,1,5,67,2020-08-08T00:07:06Z,8M30S,0
XOSP_CZ6t0w,https://www.youtube.com/watch?v=XOSP_CZ6t0w,UCbgbFPyxNnYohHNoO2XFiLg,Thầy Thuốc Việt Nam,Personal,9 biến chứng tiểu đường type 2 bạn không ngờ tới,0,8,1,2020-01-26T13:15:00Z,4M48S,0
AJIEr6WrHc8,https://www.youtube.com/watch?v=AJIEr6WrHc8,UCbXSHNop_NUvU-smlLoImng,Lương Y Nguyễn Thị Nghê - Chữa Bệnh Tiểu Đường,Personal,đái tháo đường type 2|tiểu đường type 2,0,2820,29,2019-07-30T04:53:58Z,4M44S,0
cDW-QCgVPdM,https://www.youtube.com/watch?v=cDW-QCgVPdM,UCxvctjbE6nZX0ZyAB6JktSg,Phước Hưng,Personal,Đái tháo đường type 1,0,485,28,2018-04-05T13:26:28Z,2M15S,0
CpindGyeVJI,https://www.youtube.com/watch?v=CpindGyeVJI,UCr_mAwRy5xIBQGi6fKaTyyw,Việt Lê Pharma,Personal,Có phải ăn quá nhiều đường gây ra bệnh tiểu đường?,58,7750,521,2020-07-21T09:46:22Z,2M46S,4
EdTLSlhKazU,https://www.youtube.com/watch?v=EdTLSlhKazU,UCyyBwmLwgobr9-CSU9JuX3w,THS BS PHAN ANH TUẤN OFFICIAL,Organization,ĐƯỜNG HUYẾT TĂNG ảnh hưởng đến TẾ BÀO như thế nào? #shorts #thsbsphananhtuanofficial,13,7070,326,2023-10-01T11:30:06Z,45S,0
WA0FeZwus80,https://www.youtube.com/watch?v=WA0FeZwus80,UCxnBkraHxDb9k8jPErySvig,Lối Sống Xanh,Personal,Bệnh Tiểu Đường Có Chữa Khỏi Được Không? Sự Thật Là Gì?,1,1560,108,2025-05-22T12:30:41Z,5M12S,0
QOjXCfWgscQ,https://www.youtube.com/watch?v=QOjXCfWgscQ,UCbXSHNop_NUvU-smlLoImng,Lương Y Nguyễn Thị Nghê - Chữa Bệnh Tiểu Đường,Personal,Lương Y Nghê kham cho bệnh nhân bị tiểu đường 8.0 |đái tháo đường type 1,0,2820,6,2019-07-30T07:43:22Z,4M52S,0
YfuWjEYonDw,https://www.youtube.com/watch?v=YfuWjEYonDw,UCDYBoHKSJRywQ4kPytx3G-A,Sức Khỏe 1001,Personal,Trước Khi Đi Ngủ Người Tiểu Đường Phải Làm Ngay Điều Này Nếu Không Muốn Đường Huyết Tăng Đột Biến,42,103000,4775,2021-09-19T10:45:00Z,12M12S,1
0FkkdZkfPKE,https://www.youtube.com/watch?v=0FkkdZkfPKE,UC-HrsAwNy1PinPWiNnY7dSw,Dr Huyền Vũ,Personal,ADA2015 (Phần 5) Các trường hợp lâm sàng Đái Tháo đường type 2,15,358,74,2019-04-08T02:46:20Z,1H9M13S,0
7P12gfDDIYM,https://www.youtube.com/watch?v=7P12gfDDIYM,UCKyQQclDWCE1t9lwCi_caTQ,    JACK TRAN,Personal,Quan Niệm Bảo Vệ Sức Khỏe cho Bệnh Nhân Tiểu Đường Type 1 và Type 2,1,687,22,2023-04-15T08:05:39Z,58M15S,0
NeX4EhgYN98,https://www.youtube.com/watch?v=NeX4EhgYN98,UCE1rNrXF8ukRx3hplmNPPtQ,HLV Kiểm Soát Cân Nặng,Personal,Bệnh tiểu đường type 2,2,1550,54,2020-04-12T13:00:14Z,2M41S,0
TWxm74pMOOA,https://www.youtube.com/watch?v=TWxm74pMOOA,UCbWOIiMySA3eZco0NnPk_fg,Dược phẩm Trường Anh,Personal,Soliqua - Thuốc điều trị đái tháo đường type 1 - Quaythuoctruonganh,0,3590,40,2024-02-19T08:54:23Z,3M56S,0
7qylb3y0RHY,https://www.youtube.com/watch?v=7qylb3y0RHY,UCvtNAAvMLnpcDFSUOSI_itA,Libby Glass,Personal,POV : life with type 1 diabetes (is this accurate ❤️) #diabetesawareness #diabetestype1 #awareness,84204,867000,1455798,2023-10-17T20:19:06Z,29S,2119
I0u-FLtg0qA,https://www.youtube.com/watch?v=I0u-FLtg0qA,UCPh24H5ATTcY47o4J1NSrAg,WH Circle,Personal,Sữa cho người tiểu đường Nutifood varna diabetes,4,72,1112,2022-03-27T20:00:07Z,31S,4
IDEK-dmypMc,https://www.youtube.com/watch?v=IDEK-dmypMc,UCM9I-aFPJof-u4g0YXMkDLA,Dược Liệu Pù Mát,Personal,"Dây thìa canh lá to ổn định đường huyết, ngăn ngừa biến chứng tiểu đường#tratuiloc #tra #daythiacanh",1,64,230,2025-01-06T09:39:17Z,27S,0
7INcRA4EAaE,https://www.youtube.com/watch?v=7INcRA4EAaE,UCy-pVBRPCSR0io-CSokIVTg,Ucare Việt,Personal,Đái tháo đường Type 1 ở trẻ em và những điều cần biết,0,280,13,2022-04-05T07:31:19Z,10M11S,0
n8QutvugOYc,https://www.youtube.com/watch?v=n8QutvugOYc,UCDYBoHKSJRywQ4kPytx3G-A,Sức Khỏe 1001,Personal,4 Món HẠI PHỔI Người Tiểu Đường Cực Nhanh Không Kém Thuốc Lá Làm TĂNG BIẾN CHỨNG GẤP 10 LẦN,41,103000,4346,2021-05-27T10:30:13Z,13M8S,1
UuXC4-nlGQ8,https://www.youtube.com/watch?v=UuXC4-nlGQ8,UCLK4Vcg5ToGNV77g4NdP8lA,SonSonBio,Personal,Tieu duong type 1,0,9,29,2017-05-06T04:20:10Z,6M10S,0
3steyn1QrBU,https://www.youtube.com/watch?v=3steyn1QrBU,UC3k_ymD13S189KF3m70QVpg,Bác sĩ Đinh Trung Hoà,Personal,Đái tháo đường type 2 nặng hơn đái tháo đường type 1? #nộitiết #bacsidinhtrunghoa #đáitháođường,4,451,158,2023-03-22T01:39:50Z,1M1S,0
qUDP4Z2U0_I,https://www.youtube.com/watch?v=qUDP4Z2U0_I,UCIBnAlhXefIlNzh6fJKGtEw,Bác sĩ Hội,Personal,SO SÁNH TIỂU ĐƯỜNG TYPE 1 VÀ TYPE 2 KHÁC NHAU Ở ĐIỂM NÀO,1,48700,113,2024-07-31T13:00:59Z,25S,0
ORyuOZkj4XY,https://www.youtube.com/watch?v=ORyuOZkj4XY,UCdOgI-Pi9ZAt-l6TUiquvxg,Success Together Cùng Nhau Thành Công,Personal,Tiểu Đường Type 2 là gì - Rối Loạn Insulin - Thừa Cân & Ít Vận Động,4,926,191,2019-04-28T01:59:37Z,3M38S,0
SGeyCvUI_no,https://www.youtube.com/watch?v=SGeyCvUI_no,UCjwiGB3uosuxZrsmOJ4VohA,Nghe và Ngẫm,Personal,Mật mã tiểu đường (Bs. Jason Fung) - Phần 1: Cơn đại dịch; phần 5: Vào trò của insulin,2,31,190,2023-05-01T15:32:25Z,20M7S,2
wUzXIHGPQKA,https://www.youtube.com/watch?v=wUzXIHGPQKA,UC2e5e92ZLtuGYsF9gK0Ka9g,Bệnh thường gặp & xử lý tại nhà - Bác sĩ kiệt,Personal,Thuốc mới trị tiểu đường type 2 (160 -300 mg/dl) | Bác sĩ Kiệt,0,17700,45,2025-07-12T11:46:46Z,4M42S,0
9I3RCpXEUnU,https://www.youtube.com/watch?v=9I3RCpXEUnU,UCDYBoHKSJRywQ4kPytx3G-A,Sức Khỏe 1001,Personal,Mẹo Vặt Cực Kỳ Đơn Giản Giúp Chữa Dứt Tiểu Đường Ngay Tại Nhà Không Cần Ăn Kiêng Ít Người Biết,159,103000,27245,2021-02-19T01:05:57Z,11M20S,8
XWn8dcR9C4g,https://www.youtube.com/watch?v=XWn8dcR9C4g,UCr4ZGJ_plIn_fp0ZD92JMog,Huong Ha,Personal,Tiểu đường tuyp 1 và tuyp 2,1,30,21,2019-10-06T14:19:44Z,3M40S,0
87KraDnF6yo,https://www.youtube.com/watch?v=87KraDnF6yo,UClirn2pomc9eL7G4dDVOCwA,TrinhToan#Forever#,Personal,Bệnh tiểu đường type 1_type 2,0,5,5,2021-08-04T03:11:38Z,2M13S,0
O2-SUKROT-E,https://www.youtube.com/watch?v=O2-SUKROT-E,UCyyBwmLwgobr9-CSU9JuX3w,THS BS PHAN ANH TUẤN OFFICIAL,Organization,NGUYÊN NHÂN GỐC RỄ | MẮC BỆNH TIỂU ĐƯỜNG HÃY XEM HẾT VIDEO NÀY | THS BS PHAN ANH TUẤN OFFICIAL,691,7070,58733,2022-06-05T12:00:20Z,8M1S,66
okaTHDM8nAA,https://www.youtube.com/watch?v=okaTHDM8nAA,UCnFJqFNN3iBesR4m6nQlY_g,haha lala,Personal,Đái tháo đường type 1 và type 2,0,3,9,2021-06-03T16:03:26Z,3M50S,0
oA7xPeR5hZo,https://www.youtube.com/watch?v=oA7xPeR5hZo,UCDYBoHKSJRywQ4kPytx3G-A,Sức Khỏe 1001,Personal,5 Dấu Hiệu Chứng Tỏ Bệnh Tiểu Đường Đang Ngày Càng Nặng Thêm Cực Kỳ Nguy Hiểm Phải Đi Khám Ngay,37,103000,3684,2021-11-01T02:00:09Z,12M53S,3
8CfvAK15PbE,https://www.youtube.com/watch?v=8CfvAK15PbE,UC0md8QJv8Tpa57xBDJUmsXQ,Trường Sinh Quyết,Personal,Thói quen ăn uống gây ra tiểu đường Type 2 như thế nào | Phần 1 - Trường Sinh Quyết | #Shorts,2,257,59,2023-06-29T12:00:05Z,1M,0
9yiSY7-g4RA,https://www.youtube.com/watch?v=9yiSY7-g4RA,UCyyBwmLwgobr9-CSU9JuX3w,THS BS PHAN ANH TUẤN OFFICIAL,Organization,NGUYÊN TẮC ĐIỀU TRỊ BỆNH TIỂU ĐƯỜNG | KHÔNG PHẢI AI CŨNG BIẾT | THS BS PHAN ANH TUẤN OFFICIAL,121,7070,5367,2022-06-07T12:00:10Z,5M44S,11
mizSZoafySY,https://www.youtube.com/watch?v=mizSZoafySY,UCpUgApSUTkO5D4ZewyKsozA,Diễm Thúy Dược Sĩ Gia Đình,Personal,Cách Đọc Chỉ Số Bệnh Tiểu Đường #diemthuyduocsigiadinh,30,102000,3060,2024-06-19T01:00:31Z,58S,0
Wv4HG1NOgbQ,https://www.youtube.com/watch?v=Wv4HG1NOgbQ,UCfEvsdxn6ayq5JQVtgOj-yg,Thiên Ma - Chunmani Việt Nam,Personal,Cùng bạn chữa bệnh:  Bệnh tiểu đường và những biến chứng nguy hiểm,0,36,26,2020-08-01T03:53:26Z,19M27S,0
nzmxW21ZA2w,https://www.youtube.com/watch?v=nzmxW21ZA2w,UCyFYZ2sztsGbHS_7E9wcXGw,GocTV,Personal,BỆNH TIỂU ĐƯỜNG (ĐÁI THÁO ĐƯỜNG) - NGUYÊN NHÂN - DẤU HIỆU - TRIỆU CHỨNG,6,3120,3260,2017-06-15T18:21:57Z,5M31S,2
OJG8DUMldew,https://www.youtube.com/watch?v=OJG8DUMldew,UCuYZsMc1cfATnIMaaHAy86Q,Medical Device,Personal,Hướng dẫn tự lắp đặt và sử dụng máy đo đường huyết tại nhà #tieuduong  #glucoblood #codupha,21,2090,3162,2024-06-18T13:09:10Z,1M,4
VZu9PPoqosU,https://www.youtube.com/watch?v=VZu9PPoqosU,UCM9I-aFPJof-u4g0YXMkDLA,Dược Liệu Pù Mát,Personal,"Mỗi ngày 3 túi lọc , không lo đường huyết tăng #tieuduong#ondinhduonghuyet #daythiacanhlato#thaoduoc",0,64,24,2025-03-05T03:47:28Z,22S,0
ZCc105EFHRc,https://www.youtube.com/watch?v=ZCc105EFHRc,UCDYBoHKSJRywQ4kPytx3G-A,Sức Khỏe 1001,Personal,Người Tiểu Đường Mà Uống Mật Ong Thì Nhất Định Phải Biết Điều Quan Trọng Này Kẻo Đường Huyết Tăng,24,103000,3437,2021-03-06T01:26:10Z,12M7S,3
aAJYXGubvHo,https://www.youtube.com/watch?v=aAJYXGubvHo,UCKEaz2zAUotAMW2MQ8T2_Zw,Tieuduong Asia,Personal,Diabetes là gì? Nguyên nhân gây ra bệnh tiểu đường?,3,243,181,2019-07-23T03:36:25Z,10M50S,0
fCsCp2-YBac,https://www.youtube.com/watch?v=fCsCp2-YBac,UCduFqe5XY0TNTSIlJTVnteA,Tạp chí Chống hàng giả và Gian lận thương mại,Personal,♦️Sữa thảo dược Diabet Care quảng cáo như thuốc chữa bệnh tiểu đường? | CHG 04/7/2022 HD,0,1230,491,2022-07-05T13:11:13Z,10M53S,2
SF8CmrRiv98,https://www.youtube.com/watch?v=SF8CmrRiv98,UC-HrsAwNy1PinPWiNnY7dSw,Dr Huyền Vũ,Personal,ADA2015 ( Phần 4) Điều trị Đái Tháo đường type 2,10,358,97,2019-04-08T02:54:22Z,2H20M13S,0
MUoHdnE0mhA,https://www.youtube.com/watch?v=MUoHdnE0mhA,UCDYBoHKSJRywQ4kPytx3G-A,Sức Khỏe 1001,Personal,Hé Lộ Bí Kíp Thần Kỳ Giúp Người Tiểu Đường Ổn Định Đường Huyết Hết Sạch Biến Chứng Không Cần Thuốc,18,103000,2322,2020-08-24T00:00:03Z,13M49S,0
WRXr3SE1fxY,https://www.youtube.com/watch?v=WRXr3SE1fxY,UCffZUHnxivKa83qrI2Oq8KQ,Sức Khỏe 24h TV,Personal,Bệnh Tiểu Đường Có Mấy Cấp Độ. Cấp Độ Tiểu Đường Nào Là Nguy Hiểm Nhất? #shorts #tintuc #suckhoe,9,41,443,2024-12-26T00:00:30Z,22S,0
TmJxqmwkCDM,https://www.youtube.com/watch?v=TmJxqmwkCDM,UCB4HZL7m4x-ghBIJWEfCg5Q,Dược Sĩ Bình,Personal,5 Dấu Hiệu Sớm Cảnh Báo Bệnh Tiểu Đường,58,14900,5555,2023-08-18T08:00:23Z,50S,2
-vWzkG9nNA0,https://www.youtube.com/watch?v=-vWzkG9nNA0,UCT3LrRGwg9n0RD9W9TsHgoQ,Doctor Gia Đình ,Personal,Tiểu Đường Sống Được Bao Lâu? 9 Dấu Hiệu Cảnh Báo Cực Nguy Hiểm!,2,367,115,2025-07-24T11:45:00Z,11M20S,0
EaPn7LTM8Ds,https://www.youtube.com/watch?v=EaPn7LTM8Ds,UCbXSHNop_NUvU-smlLoImng,Lương Y Nguyễn Thị Nghê - Chữa Bệnh Tiểu Đường,Personal,Tiểu đường tuyp 2| insulin,0,2820,6,2019-07-30T04:06:25Z,5M52S,0
cdYowLn3lS4,https://www.youtube.com/watch?v=cdYowLn3lS4,UCW_tsw7xK9mo_CgN1JtPtpw,BINTREE,Personal,Type 1 diabetes. cám ơn người tìm ra insulin #t1d #insulin #vietnam,0,0,29,2025-02-20T13:34:28Z,22S,0
3KdDrNpnGzM,https://www.youtube.com/watch?v=3KdDrNpnGzM,UCyRAeukwkfo2S1i7Rthq8vw,ĐÀO TẠO ĐẠI LÝ TĨNH SÁNG ĐƯỜNG,Personal,ĐIỀU TRỊ TIỂU ĐƯỜNG THẾ NÀO ? PHÒNG NGỪA CHẾ ĐỘ ĂN UỐNG LUYỆN TẬP RA LÀM SAO,1,49,10,2025-04-01T01:08:43Z,3M55S,0
N1Ok3-pf0i8,https://www.youtube.com/watch?v=N1Ok3-pf0i8,UCKZwpU-reVl-xZKtpfI2s6A,Hằng dinh dưỡng,Personal,Cách ăn trái cây tốt cho người bị tiểu đường I Hằng dinh dưỡng #shorts,6,807,554,2024-07-25T10:05:03Z,56S,1
nEoR8ZB8H78,https://www.youtube.com/watch?v=nEoR8ZB8H78,UC19io81SruR1b1i2vCdkD8Q,Sữa Tiểu Đường Gluzabet,Personal,Sữa Tiểu Đường Gluzabet Giá Dùng Thử Chỉ 20.000 Đồng Mỗi Ngày,1,259,1929,2023-04-12T09:00:24Z,2M42S,0
yOT8aq64xhc,https://www.youtube.com/watch?v=yOT8aq64xhc,UCNPaLBRnUd-arBFU3U_4n7Q,TUT Team,Personal,[Vietsub]Pharmacology  Diabetes Medication - Thuốc điều trị tiểu đường typ 2 (Dược lý),100,425,6289,2017-04-04T23:03:03Z,8M5S,0
-P2hLVkT7wE,https://www.youtube.com/watch?v=-P2hLVkT7wE,UCT3LrRGwg9n0RD9W9TsHgoQ,Doctor Gia Đình ,Personal,5 Sai Lầm Nguy Hiểm Khi Kiểm Soát Bệnh Tiểu Đường Type 2 – Rất Nhiều Người Mắc Phải!,0,367,73,2025-07-27T00:00:00Z,8M56S,0
VeW94wEi1jQ,https://www.youtube.com/watch?v=VeW94wEi1jQ,UCQJiDpjk6Gh5eBmUwJPZnhA,Lan Thích Cơm Nhà,Personal,Kiểm soát đường huyết cho người tiểu đường type 2 ngay tại nhà #tieuduong #giammo #lanthichcomnha,11,64,452,2024-06-12T13:50:34Z,1M1S,0
jYVFzCBvrjA,https://www.youtube.com/watch?v=jYVFzCBvrjA,UCNBIB9h_j_eYcEObnf-YxXw,Bác Sĩ Đông Official,Organization,Bệnh tiểu đường có thể chữa khỏi hoàn toàn được không? | Strong Life,24,401,6632,2023-08-17T13:00:41Z,1M25S,4
6xapjED4c7E,https://www.youtube.com/watch?v=6xapjED4c7E,UCsCWkamXT2YXKGXSy1YACmg,TDN - Sống sung sức,Personal,Những thực phẩm người bị tiểu đường cần tuyệt đối không nên ăn,1,1820,203,2017-12-02T03:24:51Z,1M47S,0
YISciKluxT0,https://www.youtube.com/watch?v=YISciKluxT0,UCSLmSJsdp_we7C2vhPb631w,Pham Xuan Thanh,Personal,Tôi tiểu đường type mấy? Type 2 ư?,2,11,95,2023-12-11T14:43:25Z,4M5S,0
V6w2h-Txn4c,https://www.youtube.com/watch?v=V6w2h-Txn4c,UCvlfQW5d8rlUZS95B6JRsFQ,SỨC KHỎE & SẮC ĐẸP,Personal,Bệnh Tiểu Đường Type 1_P1 Ngọc Thành_Sức Khỏe Vàng Hongcanhct,0,787,6,2022-09-15T08:02:11Z,10M29S,0
DJaGEbUmv68,https://www.youtube.com/watch?v=DJaGEbUmv68,UCBEUfM-0rVkyu-jZS4OFXtQ,Dược Sĩ Thủy,Personal,Ăn nhiều đường có bị tiểu đường | Dược sĩ Thuỷ,5,1080,362,2025-01-07T08:55:56Z,1M12S,0
79VoHY7yXew,https://www.youtube.com/watch?v=79VoHY7yXew,UCL51b4ZdR4r-3M6a2Buc89Q,Châu Long Nguyễn,Personal,10 dấu hiệu quan trọng nhận biết bệnh tiểu đường Đái tháo đường 1,0,14,10,2019-10-15T07:24:15Z,3M55S,0
bRBkYbW5Ef8,https://www.youtube.com/watch?v=bRBkYbW5Ef8,UCXsMHeMQ_gMZ-NuagfjZwdw,Tuổi Vàng Khỏe Mạnh,Personal,Bệnh Tiểu Đường Type 2 - 5 Sai Lầm Khiến Bạn Không Thể Kiểm Soát Đường Huyết,0,267,17,2025-07-28T23:24:52Z,17M5S,0
7Unv0UM5LA0,https://www.youtube.com/watch?v=7Unv0UM5LA0,UC89UtcEpWLqm3fMFZfKBaOg,KÊNH Y KHOA,Personal,ADA 2015 Đái tháo đường  Video 3   Điều trị Đái tháo đường type 1,0,1140,97,2015-09-01T16:59:00Z,1H41M43S,0
a_MPdfeK5kg,https://www.youtube.com/watch?v=a_MPdfeK5kg,UCQc60Zz4uVfdht-OrmqxFFg,Bài giảng y khoa,Personal,Đái tháo đường type 1 - Nhi,2,4170,114,2025-05-13T14:10:41Z,34M31S,0
mfvt5PIbRtQ,https://www.youtube.com/watch?v=mfvt5PIbRtQ,UCt8EPOlINmtNsnT_5wl8q2A,Near Ka,Personal,Những dấu hiệu cho thấy bạn sắp bị tiểu đường,0,96,18,2022-09-26T23:15:01Z,7M47S,0
XWOI0N2sDA8,https://www.youtube.com/watch?v=XWOI0N2sDA8,UClc30r_zsbxJ71ag5La8jIw,Thảo Dược Số 1- Nam Dược Nguyễn Thi,Personal,Nguy cơ tiểu đường type 2 tuổi trung niên,0,153000,323,2025-02-26T07:42:49Z,1M2S,0
j1_oRrp2mLk,https://www.youtube.com/watch?v=j1_oRrp2mLk,UCcn8NzcLtUKouT8qA6MeFIA,Sức khỏe 24h,Personal,Ích Tâm Đường - Sản Phẩm Hỗ Trợ Bệnh Nhân Tiểu Đường,9,91,2195,2020-11-23T16:07:07Z,5M52S,1
ubBm_ZLFt4A,https://www.youtube.com/watch?v=ubBm_ZLFt4A,UCyyBwmLwgobr9-CSU9JuX3w,THS BS PHAN ANH TUẤN OFFICIAL,Organization,2 NGÀY KHÁM PHÁ BÍ MẬT CHIA TAY BỆNH TIỂU ĐƯỜNG | NGÀY 1,94,7070,1955,2022-08-04T12:00:11Z,1H15M55S,26
mG7Hvcp5BuE,https://www.youtube.com/watch?v=mG7Hvcp5BuE,UCefsUn422ab6hsKo_a_xA_A,Thiết Bị Y Tế 3TMart,Personal,9 Loại Quả Độc Dược Với Người Tiểu Đường,69,26700,35771,2025-08-05T03:00:53Z,15S,0
seowYAhZ6h4,https://www.youtube.com/watch?v=seowYAhZ6h4,UCpSlZmLDqBXRhw_vlYDzBFw,Sức Khỏe Chất Lượng Cao,Personal,Phòng biến chứng của bệnh nhân tiểu đường - Tư vấn PGS Tiến sĩ Trần Đình Ngạn,0,48100,28,2017-07-16T12:00:04Z,52M,0
Bgtfw1bRzyI,https://www.youtube.com/watch?v=Bgtfw1bRzyI,UCRkNGGct723X4O6JBJFGMJA,Uyen.CareforVN,Personal,TÌM HIỂU VỀ ĐÁI THÁO ĐƯỜNG TYPE 1 & TYPE 2 có ví dụ minh hoạ. Nguyên nhân và chăm sóc ĐTĐ,3,79,57,2024-04-12T14:53:38Z,23M54S,0
oVZP16Vye6k,https://www.youtube.com/watch?v=oVZP16Vye6k,UCfXmQ-x2FmedAq3R5z_GqcQ,GIẢI PHÁP TẾ BÀO GỐC,Personal,Bệnh tiểu đường là gì - Bệnh đái tháo đường là gì?,45,176,1827,2020-07-19T07:52:13Z,8M4S,0
JtL21UsSqTk,https://www.youtube.com/watch?v=JtL21UsSqTk,UCPKPQ6dK51cFE8YDwaqruDA,Bác Sĩ Trần Khôi Nguyên,Personal,Tại sao đái tháo đường type 1 chỉ điều trị  bằng insulin ngoại sinh? #health #healthy #daithaoduong,3,100000,70,2024-09-04T10:21:40Z,59S,0
2iuKyz8IU0c,https://www.youtube.com/watch?v=2iuKyz8IU0c,UCrPJqxHt52lgl11bfkKZqhw,Nguyễn Minh Thảo Official,Organization,2 Cách Ăn Uống Đẩy Lùi Tiểu Đường Type 2 Tận Gốc,289,965,16389,2025-07-29T02:03:01Z,8M18S,42
ywuM1kVCcIg,https://www.youtube.com/watch?v=ywuM1kVCcIg,UCah_-jpzb3pwO0r1CRTqYTQ,Bác Sĩ Huyền ,Personal,Lời Khuyên Từ Chuyên Gia Về Bệnh Lý Tiểu Đường | Bác Sĩ Huyền,3,4450,95,2023-10-02T13:00:07Z,7M25S,1
mhswPwagS_0,https://www.youtube.com/watch?v=mhswPwagS_0,UCEPnt1d15Y0vAyRuqu5ZwUw,Viên Sủi Tiểu Đường DIABET,Personal,Cô Hồng Review Sản Phẩm | Viên Sủi Tiểu Đường DIABET,0,17,71,2020-07-16T10:11:10Z,2M5S,0
rg1d88In6_w,https://www.youtube.com/watch?v=rg1d88In6_w,UC-Wm15KMrBR1d3x3sVwkV6A,Mirae Bio Medicine,Personal,Điều Trị Bệnh Tiểu Đường Type I & Type II bằng Tế Bào Gốc Tự Thân,6,636,296,2023-12-28T10:10:03Z,4M10S,0
Cv3wZPF_jWs,https://www.youtube.com/watch?v=Cv3wZPF_jWs,UCotLHXZ2DPH30VigGbqQg8Q,Bí Quyết Sống Khỏe Trẻ,Personal,10 Dấu Hiệu Cảnh Báo Bạn Bị Tiểu Đường Giai Đoạn Sớm,0,7050,111,2024-12-07T10:00:22Z,5M47S,0
Ec2kmpIKOXQ,https://www.youtube.com/watch?v=Ec2kmpIKOXQ,UC3oMkkoEIlqApvASEmZdmOg,Review Đánh Giá,Personal,Lễ Kí Kết Sản Phẩm   Viên Sủi Tiểu Đường DIABET,0,17,32,2020-08-03T09:01:41Z,3M8S,0
v_drBxbeVJA,https://www.youtube.com/watch?v=v_drBxbeVJA,UCEPnt1d15Y0vAyRuqu5ZwUw,Viên Sủi Tiểu Đường DIABET,Personal,Chú Nguyễn Sử Review Sản Phẩm | Viên Sủi Tiểu Đường DIABET,0,17,52,2020-07-16T10:20:28Z,3M55S,0
3MZ5_XXRQp0,https://www.youtube.com/watch?v=3MZ5_XXRQp0,UCyyBwmLwgobr9-CSU9JuX3w,THS BS PHAN ANH TUẤN OFFICIAL,Organization,THỰC PHẨM DÀNH CHO NGƯỜI TIỂU ĐƯỜNG | NÊN ĂN VÀ KHÔNG NÊN ĂN GÌ | THS BS PHAN ANH TUẤN OFFICIAL,182,7070,8795,2022-06-08T12:00:02Z,11M28S,22
ZvZo6uuGm00,https://www.youtube.com/watch?v=ZvZo6uuGm00,UCEPnt1d15Y0vAyRuqu5ZwUw,Viên Sủi Tiểu Đường DIABET,Personal,NSƯT Phú Đôn Review Sản Phẩm | Viên Sủi Tiểu Đường DIABET,0,17,96,2020-07-16T10:31:04Z,3M20S,0
GLt4R8-rIZw,https://www.youtube.com/watch?v=GLt4R8-rIZw,UCEPnt1d15Y0vAyRuqu5ZwUw,Viên Sủi Tiểu Đường DIABET,Personal,NSND Nguyễn Hải Review Sản Phẩm | Viên Sủi Tiểu Đường DIABET,0,17,91,2020-07-16T10:29:16Z,2M55S,0
ts1qp7N3DVo,https://www.youtube.com/watch?v=ts1qp7N3DVo,UCvB-lE4-J8XPt6Cp4jXG1hg,Liva Herbal,Personal,Có những loại tiểu đường nào? [-LIVAHERBAL-],0,696,11,2016-06-15T16:48:09Z,51S,0
kv8Bc_XCODE,https://www.youtube.com/watch?v=kv8Bc_XCODE,UC5Hx1768D-IpBAQE7LAId9g,CLB100 - Lối sống thuận tự nhiên,Personal,Lesson #109: Tiểu đường tùy thuộc Insuline và không tùy  thuộc Insuline - 21/07/2022 | CLB100,366,84700,14621,2022-07-21T10:22:59Z,1H14M26S,68
wA1rTyDoV3U,https://www.youtube.com/watch?v=wA1rTyDoV3U,UCEPnt1d15Y0vAyRuqu5ZwUw,Viên Sủi Tiểu Đường DIABET,Personal,Khách Hàng Review Sản Phẩm | Viên Sủi Tiểu Đường DIABET,0,17,59,2020-07-16T10:26:25Z,3M7S,0
v0HQj5a4UGA,https://www.youtube.com/watch?v=v0HQj5a4UGA,UCxbnCPKG_zuXSgsFd3ZU_iQ,Alo BacSi,Personal,Cách trị bệnh Tiểu Đường bằng Mướp Đắng Hiệu Quả Bất Ngờ tại nhà,2,9280,258,2020-04-11T11:00:11Z,7M6S,0
Ojdldalgafw,https://www.youtube.com/watch?v=Ojdldalgafw,UCM9I-aFPJof-u4g0YXMkDLA,Dược Liệu Pù Mát,Personal,"Dây thìa canh lá to Dược liệu Pù Mát hỗ trợ  ổn định đường huyết, ngăn ngừa biến chứng #daythiacanh",5,64,1888,2025-06-06T05:30:16Z,33S,0
fU-cIewhabo,https://www.youtube.com/watch?v=fU-cIewhabo,UCX9Mh_MO9dGGSU8QXGlKtIQ,Sức Khỏe 4K,Personal,Biến chứng của bệnh tiểu đường ! https://byvn.net/Uzwd,4,32,1421,2025-08-11T04:24:11Z,39S,0
PUolmCSBD1A,https://www.youtube.com/watch?v=PUolmCSBD1A,UC4YqE5uXQm9CaUOZ6PRKN8A,Food Logic Offical,Personal,Bác sỹ bật mí 6 cách ăn đúng giúp xoá sổ tiểu đường tuýp 2.,3,192,66,2025-08-06T10:00:48Z,6M29S,1
kGRX2Djj4go,https://www.youtube.com/watch?v=kGRX2Djj4go,UCffZUHnxivKa83qrI2Oq8KQ,Sức Khỏe 24h TV,Personal,Tiểu Đường Di Truyền: Gen Chiếm Bao Nhiêu % Nguy Cơ Mắc Tiểu Đường #shorts #tintuc #suckhoe,3,41,421,2024-12-27T00:00:34Z,1M2S,0
76CR3TDAWvs,https://www.youtube.com/watch?v=76CR3TDAWvs,UCyyBwmLwgobr9-CSU9JuX3w,THS BS PHAN ANH TUẤN OFFICIAL,Organization,GIẢI PHÁP CHIA TAY TIỂU ĐƯỜNG | MẮC BỆNH TIỂU ĐƯỜNG HÃY XEM HẾT VIDEO| THS BS PHAN ANH TUẤN OFFICIAL,232,7070,12235,2022-06-04T12:00:04Z,5M9S,26
YxlK9J99X3E,https://www.youtube.com/watch?v=YxlK9J99X3E,UCSbI2mPWnoAeElYtMSRX0Ow,Dược Sĩ Gia Đình,Personal,"Hạ Đường Huyết Ở Người Tiểu Đường: Cách Xử Lý Nhanh, Nguyên Tắc 15-15 Cực Kỳ Quan Trọng!",4,230,75,2025-02-28T09:00:30Z,7M16S,1
Z206Qa0Oeoo,https://www.youtube.com/watch?v=Z206Qa0Oeoo,UCmtnBqW6im8VVVQYHRp7ZmQ,You're a professional nurse - Makes a difference,Personal,Kiến thức ĐTĐ típ 1 Understanding Type 1 Diabetes,0,629,4,2019-05-22T08:11:32Z,3M5S,0
iHMq4M5A7IA,https://www.youtube.com/watch?v=iHMq4M5A7IA,UC_sGhp3lEXS9dZ_Z5_q-zzw,Vân Dược Sĩ,Personal,"Glucophage XR, điều trị tiểu đường tuýp 2 |Thuốc Tây TV",7,1190,1044,2023-11-26T05:53:02Z,1M54S,2
YoyK7nUb0t4,https://www.youtube.com/watch?v=YoyK7nUb0t4,UCkpPsn-FMzwuqSYTM12w0cw,Sàn Thuốc,Personal,CoMiaryl 2mg/500mg - Thuốc điều trị đái tháo đường type 2,8,5020,1354,2023-11-15T04:31:25Z,5M15S,0
MrlAyh4XBXE,https://www.youtube.com/watch?v=MrlAyh4XBXE,UC-c1TX2LiWJmhm6duI5Rd-w,BÁC SĨ TRẦN MINH OFFICIAL,Organization,5 Dấu hiệu nhận biết sớm Đái Tháo Đường Bạn nên biết | Bác Sĩ Trần Minh,62,261000,765,2025-06-26T12:30:06Z,1M17S,4
rYZ-DVSCek4,https://www.youtube.com/watch?v=rYZ-DVSCek4,UC57tsCbQEBhHh7InFM5vDyA,Mai Linh Lê Thục,Personal,BEPHARIN - NGĂN NGỪA BIẾN CHỨNG KHÔNG LO TIỂU ĐƯỜNG,1,11,8,2021-04-06T08:36:43Z,6M3S,0
YcsUtuzUbZA,https://www.youtube.com/watch?v=YcsUtuzUbZA,UCffZUHnxivKa83qrI2Oq8KQ,Sức Khỏe 24h TV,Personal,"Nguy Cơ Tiểu Đường Do Môi Trường: Lạnh, Virus... Tăng Nguy Cơ Bị Tiểu Đường #shorts #tintuc #suckhoe",0,41,3,2024-12-26T11:00:41Z,19S,0
OlfwtDuj2F4,https://www.youtube.com/watch?v=OlfwtDuj2F4,UCpSlZmLDqBXRhw_vlYDzBFw,Sức Khỏe Chất Lượng Cao,Personal,Thời gian biến chứng và ngăn ngừa biến chứng bệnh tiểu đường - BS Lâm Đình Phúc,4,48100,1728,2017-10-27T14:00:04Z,58M15S,0
P3_5HYLopa4,https://www.youtube.com/watch?v=P3_5HYLopa4,UCQJiDpjk6Gh5eBmUwJPZnhA,Lan Thích Cơm Nhà,Personal,"1 phút trước ăn giúp giảm mỡ, kiểm soát tiểu đường type 2 #giammo #tieuduongtype2 #lanthichcomnha",0,64,1,2024-11-15T14:07:18Z,1M1S,0
2YpXCTbnkJc,https://www.youtube.com/watch?v=2YpXCTbnkJc,UCh4APcDz4HjbiAKCjRqIf4Q,Juliet Store NL,Personal,🔴[CHÍNH HÃNG] INSUNA GLUCOACTIVE ĐẬP TAN NỖI LO TIỂU ĐƯỜNG ỔN ĐỊNH ĐƯỜNG HUYẾT PHÒNG NGỪA ĐỘT QUỴ,1,1200,54,2022-10-09T07:31:12Z,1M18S,1
Y4BmDPAMT0w,https://www.youtube.com/watch?v=Y4BmDPAMT0w,UCbLKvMRsjidO5jh_J7oYzvw,Xe Điện 365 ,Personal,Người Tiểu Đường Nhận Tin Cực Vui Từ Các Nhà Khoa Học - Ổn Định Đường Huyết Khỏi Lo Biến Chứng,7,28700,1011,2020-07-20T01:44:12Z,8M19S,0
SfmaNo91oc4,https://www.youtube.com/watch?v=SfmaNo91oc4,UCHKHZd6XUxkh-YMQCgo7QhQ,HANNA,Personal,NỘI KHOA H14 Nắm vững đái tháo đường type 2 – từ triệu chứng đến điều trị,0,8,0,2025-07-22T06:02:09Z,2M47S,0
4gwNRyAmgcc,https://www.youtube.com/watch?v=4gwNRyAmgcc,UCZRUrG90OcM54Sl-gkHdpFQ,Bác Sĩ Tiểu Đường,Personal,Chỉ Cần 3 PHÚT MỖI SÁNG Giúp Ổn Định ĐƯỜNG HUYẾT Suốt Cả Ngày – Ai Bị TIỂU ĐƯỜNG Cũng Làm Được!,552,16300,21868,2025-08-06T11:30:04Z,29M36S,90
97j15IdLV-0,https://www.youtube.com/watch?v=97j15IdLV-0,UCUjgvq3yi_bK9a10M7PoNkw,Doctor247,Personal,"Bay drone cứu người giữa lũ, đột phá điều trị tiểu đường không cần insulin | Tin 4/7/2025",0,134000,1369,2025-07-04T03:26:05Z,58S,0
RP6TLej73Ek,https://www.youtube.com/watch?v=RP6TLej73Ek,UCGt2gnYx0wWuWsAEbskH6tA,Tinh Hoa Sức Khỏe,Personal,2 CÁCH ĂN UỐNG ĐẨY LÙI BỆNH TIỂU ĐƯỜNG TYPE 2 TẬN GỐC HIỆU QUẢ CHỈ SAU 1 THÁNG!,1,1120,91,2025-08-12T03:57:16Z,19M5S,1
4f-wlaiU4ug,https://www.youtube.com/watch?v=4f-wlaiU4ug,UC68a6WifOnVmdKg70eL2ecw,beautifull life,Personal,Những loại trái cây tốt cho người bị bệnh tiểu đường#food  #healthyfood#healthy #fruit #health,0,28,23,2025-07-21T05:49:56Z,5M,1
qOozbV-GUfY,https://www.youtube.com/watch?v=qOozbV-GUfY,UCqKEGZohgRlDkxCZ6S_CSgQ,CHÂN THIỆN MỸ BÁCH NIÊN,Personal,Bệnh Tiểu Đường Type 2 - 5 Sai Lầm Khiến Bạn Không Thể Kiểm Soát Đường Huyết (5 Câu Hỏi Thường Gặp),3790,202000,279145,2025-04-03T13:01:16Z,22M33S,367
pfHbM0JBL-I,https://www.youtube.com/watch?v=pfHbM0JBL-I,UC8IXGPOyseze4BRDXRGOAKw,Tiểu đường YHCD,Personal,GIÁO DỤC BỆNH NHÂN DTD TYPE1 - Buổi 2: Cách theo dõi đường huyết và biến chứng ĐTĐ P1,0,0,4,2022-10-01T14:38:53Z,5M33S,0
Ye-BcPcqKdU,https://www.youtube.com/watch?v=Ye-BcPcqKdU,UCK3EGSpowGlD3He6HqYZLlQ,Mom Life Maggie USA,Personal,Bệnh Tiểu Đường Liên Quan Đến Sức Khỏe Răng Miệng 🦷#oralhygiene #oralhealth #dentalhygienist,3,14000,466,2025-03-25T15:41:34Z,1M2S,0
iJLehAdWeHY,https://www.youtube.com/watch?v=iJLehAdWeHY,UCYamLtzhZTGyBN2LfSHKzDg,Phạm Thị Ánh Nguyệt,Personal,Tâp 1- Giới thiệu sách Mật Mã Tiểu Đường  - 4/11/2023,36,248,1509,2023-11-07T00:35:06Z,59M44S,23
49e6Dw7KEz0,https://www.youtube.com/watch?v=49e6Dw7KEz0,UCJCOcZd0aLoqQBGegKaRwag,Thuốc Nam Trường Sinh,Personal,Tiểu đêm nhiều lần nguyên nhân do đâu?,9,7220,1450,2025-08-07T13:07:46Z,1M45S,0
67O-9FppDeQ,https://www.youtube.com/watch?v=67O-9FppDeQ,UCLArN7MD4RJNwhHgyqmVmQQ,Minh Triết Tuổi Già,Personal,Người TIỂU ĐƯỜNG Top 5 THÓI QUEN BUỔI SÁNG giúp HẠ ĐƯỜNG HUYẾT hiệu quả,2,7,67,2025-08-13T07:00:06Z,17M43S,2
9hQrOm2F8GY,https://www.youtube.com/watch?v=9hQrOm2F8GY,UCZRUrG90OcM54Sl-gkHdpFQ,Bác Sĩ Tiểu Đường,Personal,Chỉ Cần 1 VIÊN VITAMIN MỖI SÁNG – Giúp Loại Bỏ Hẳn Bệnh TIỂU ĐƯỜNG - Ổn Định Đường Huyết Cả Ngày!,642,16300,18485,2025-08-09T11:30:12Z,25M49S,123
yL-Cip0x1eQ,https://www.youtube.com/watch?v=yL-Cip0x1eQ,UCoqA9gHM164me0_3OCZ_euQ,Khỏe Mỗi Ngày Tuổi 60,Personal,"Người Tiểu Đường: Ăn Trứng Với Chuối Xanh  -  Hút Sạch Đường Trong Máu, Thần Dược Chữa Bách Bệnh!",92,16900,6371,2025-08-11T11:25:56Z,27M54S,15
8dpN9K7uUG0,https://www.youtube.com/watch?v=8dpN9K7uUG0,UCTGBpkQFCo0ixkj3EGFUVYg,OneTV,Personal,"Cô Gái Ngồi Tù Oan 5 Năm, Ngày Trở Về Lật Tung Thành Phố Trả Thù Mẹ Con Tiểu Tam Giành Lại Tài Sản",622,3640000,171319,2025-08-11T14:00:12Z,1H50M7S,19
8dpN9K7uUG0,https://www.youtube.com/watch?v=8dpN9K7uUG0,UCTGBpkQFCo0ixkj3EGFUVYg,OneTV,Personal,"Cô Gái Ngồi Tù Oan 5 Năm, Ngày Trở Về Lật Tung Thành Phố Trả Thù Mẹ Con Tiểu Tam Giành Lại Tài Sản",622,3640000,171319,2025-08-11T14:00:12Z,1H50M7S,19
Xm52XX2eeJs,https://www.youtube.com/watch?v=Xm52XX2eeJs,UC2GqAlxvdTtJq_vCtSd0z9Q,Đậu bắp TV,Personal,Bệnh tiểu đường có ăn được thịt gà không?- Nhóm người tiểu đường nên ăn kiêng,23,244,8721,2019-02-01T01:14:42Z,11M2S,0
BBU1G2d-Lak,https://www.youtube.com/watch?v=BBU1G2d-Lak,UCBsxWfGXZXzohMif3A0ba0Q,Sống Khỏe & Sống Tốt,Personal,"3 loại rau củ giúp diệt sạch tế bào u.ng thư, càng ăn càng sống thọ - SKST",683,925000,52339,2025-08-12T06:34:26Z,23M32S,43
IktS-cFMSO0,https://www.youtube.com/watch?v=IktS-cFMSO0,UCP1wTkiwnC1b6c-fT3ZrA4g,PhimZ,Personal,"Cậu Bé Trốn Gầm Bàn Vô Tình Cứu Tổng Tài Khỏi Tên Cướp Liều Lĩnh, Ai Ngờ Là Cha Tình Một Đêm Của Mẹ",275,658000,70647,2025-08-11T04:09:06Z,1H15M37S,14
pkYkcrm6Bnc,https://www.youtube.com/watch?v=pkYkcrm6Bnc,UCP1wTkiwnC1b6c-fT3ZrA4g,PhimZ,Personal,"Tên Ăn Mày Bị Vợ Đẩy Xuống Vách Núi, Được Tiên Nhân Cứu Mạng Truyền Hết Võ Công, Hóa Chiến Thần",664,658000,113209,2025-08-08T07:36:24Z,2H30M58S,12
BrnZoK1yCTk,https://www.youtube.com/watch?v=BrnZoK1yCTk,UCrWvm9jp07uNA47l9H0TfSA,Yêu Phim,Personal,"Cô Gái Đào Mỏ Khinh Thường Tên Ăn Mày Nhặt Rác Ngoài Đường, Ai Ngờ Anh Lại Là Tỷ Phú Ẩn Danh",1765,2920000,305184,2025-08-08T10:32:01Z,1H51M15S,19
ldt7KynweUo,https://www.youtube.com/watch?v=ldt7KynweUo,UCmHWb94bi1kE3HejRRfmHLg,Hi Phim,Personal,Anh Công Nhân Quét Rác Bị Nữ Đại Gia Sỉ Nhục Nào Ngờ Là Chủ Tịch Ẩn Danh Trừng Trị Cô Gái Hống Hách,576,975000,162343,2025-08-11T12:01:27Z,1H51M58S,9
d0kCqB7HW18,https://www.youtube.com/watch?v=d0kCqB7HW18,UCefsUn422ab6hsKo_a_xA_A,Thiết Bị Y Tế 3TMart,Personal,"6 Bài Thuốc Hay Từ Cây Mã Đề – Thanh Nhiệt, Giải Độc, Tiêu Viêm Cực Tốt!",141,26700,42900,2025-08-11T02:00:35Z,22S,0
Fk6S8JER4Sw,https://www.youtube.com/watch?v=Fk6S8JER4Sw,UCGCkz8jtJOG2-JzgmXKf1mQ,SỐNG KHỎE CÙNG BỆNH MÃN TÍNH,Personal,Bệnh tiểu đường - Phần 3 -7 ngày thực đơn cho người tiểu đường #kiểmsoátđườnghuyết #food,1,15,242,2025-08-12T04:25:42Z,2M6S,0
e-eBxPppusM,https://www.youtube.com/watch?v=e-eBxPppusM,UC25IARz4DrVk1fT51FkbIIQ,Curves - CLB Thể Dục 30 Phút Dành Cho Nữ,Personal,cô Thoa U60 đạt được kết quả tốt được lý giải bằng 3 yếu tố chính:,0,19700,2,2025-08-12T00:00:48Z,1M16S,0
v9nBg2JYqt8,https://www.youtube.com/watch?v=v9nBg2JYqt8,UCrWBQyLYa2cS69qqouxg9Hw,THUCDUONGTTHIENDAI,Personal,"Luput ban đỏ- tự miễn, tiểu đường type 1, đa xơ cứng, rối loạn tuyến giáp-THUCDUONGTHANTHIEN.COM",0,48,6,2022-06-22T08:02:54Z,1H7M57S,0
v0-5iRF12J0,https://www.youtube.com/watch?v=v0-5iRF12J0,UCDYBoHKSJRywQ4kPytx3G-A,Sức Khỏe 1001,Personal,Phát Hiện Loại Quả Tên Thần Kỳ Giúp Trị Tiểu Đường Ngừa Ung Thư Rất Hiệu Quả Ai Biết Đều Sống Thọ,41,103000,7523,2021-03-25T00:01:06Z,14M13S,4
pR3TO9R49nA,https://www.youtube.com/watch?v=pR3TO9R49nA,UCbLKvMRsjidO5jh_J7oYzvw,Xe Điện 365 ,Personal,Bệnh Tiểu Đường Hồi Phục Hoàn Toàn Như 1 Phép Màu Nhờ Đều Đặn Dùng 2 Thìa Này Mỗi Ngày,18,28700,3092,2020-06-27T09:58:01Z,10M54S,3
EV6E_mwg_oI,https://www.youtube.com/watch?v=EV6E_mwg_oI,UCyWEFoVfuLzd2s8S4KqeR9g,Trần Sơn,Personal,Tiểu đường Type-1 có mổ cận được không | Trần Sơn #transon #tieuduong #tieuduongvadaiduong,0,856,8,2024-05-21T02:25:51Z,1M48S,0
RXsZe511X4Q,https://www.youtube.com/watch?v=RXsZe511X4Q,UCbgbFPyxNnYohHNoO2XFiLg,Thầy Thuốc Việt Nam,Personal,Bệnh tiểu đường type 1- type 2 có chữa khỏi hoàn toàn không?,0,8,54,2020-01-21T14:00:04Z,4M38S,0
-OEKX-AlqyE,https://www.youtube.com/watch?v=-OEKX-AlqyE,UCRDKRn6zEAfCYOlCt15o0Gw,Chuyện Tiểu Đường VN,Personal,Bệnh Tiểu đường là gì ?,2,70,21,2021-11-28T13:00:00Z,5M44S,0
G9lEyXWSJe8,https://www.youtube.com/watch?v=G9lEyXWSJe8,UC5N9FsB7ZGEHyeb5Pa1bjjQ,Dược Sĩ Lan,Personal,Bệnh Tiểu Đường Là Gì? Hiểu Để Không Bị | Dược Sĩ Lan,8,131000,259,2023-10-30T12:00:11Z,9M22S,2
